CREATE TABLE pokemon (
	pokedex_id INTEGER PRIMARY KEY,
	name TEXT NOT NULL UNIQUE,
	type1 TEXT NOT NULL,
	type2 TEXT,
	bst INTEGER NOT NULL,
	hit_points INTEGER NOT NULL,
	attack INTEGER NOT NULL,
	special_attack INTEGER NOT NULL,
	defense INTEGER NOT NULL,
	special_defense INTEGER NOT NULL,
	speed INTEGER NOT NULL
);

CREATE TABLE moves (
	name TEXT PRIMARY KEY,
	physical BOOLEAN NOT NULL,
	moveType TEXT NOT NULL,
	pow INTEGER,
	hit_chance INTEGER,
	description TEXT,
	power_points INTEGER
);

CREATE TABLE canlearn (
	pokedex_id INTEGER NOT NULL,
	move TEXT,
	PRIMARY KEY (pokedex_id, move), 
	FOREIGN KEY (pokedex_id) REFERENCES pokemon(pokedex_id)
);

CREATE TABLE specificpokemon (
	pokemon_id INTEGER PRIMARY KEY,
	pokedex_id INTEGER,
	move1 TEXT,
	move2 TEXT,
	move3 TEXT,
	move4 TEXT,
	FOREIGN KEY (pokedex_id) REFERENCES pokemon(pokedex_id),
	FOREIGN KEY (move1) REFERENCES moves(name),
	FOREIGN KEY (move2) REFERENCES moves(name),
	FOREIGN KEY (move3) REFERENCES moves(name),
	FOREIGN KEY (move4) REFERENCES moves(name)
);

CREATE TABLE team (
	teamid INTEGER PRIMARY KEY,
	poke1 INTEGER,
	poke2 INTEGER,
	poke3 INTEGER,
	poke4 INTEGER,
	poke5 INTEGER,
	poke6 INTEGER,
	FOREIGN KEY (poke1) REFERENCES specificpokemon(pokemon_id),
	FOREIGN KEY (poke2) REFERENCES specificpokemon(pokemon_id),
	FOREIGN KEY (poke3) REFERENCES specificpokemon(pokemon_id),
	FOREIGN KEY (poke4) REFERENCES specificpokemon(pokemon_id),
	FOREIGN KEY (poke5) REFERENCES specificpokemon(pokemon_id),
	FOREIGN KEY (poke6) REFERENCES specificpokemon(pokemon_id)
);

CREATE TABLE types (
	typename TEXT PRIMARY KEY
);

CREATE TABLE typeeffective (
	attackingtype TEXT,
	defendingtype TEXT,
	damagemultiplier INTEGER NOT NULL,
	PRIMARY KEY (attackingtype, defendingtype),
	FOREIGN KEY (attackingtype) REFERENCES types(typename),
	FOREIGN KEY (defendingtype) REFERENCES types(typename)
);


INSERT INTO pokemon (pokedex_id, name, type1, type2, bst, hit_points, attack, special_attack, defense, special_defense, speed) VALUES
(1,'Bulbasaur','Grass','Poison',318,45,49,65,49,65,45),
(2,'Ivysaur','Grass','Poison',405,60,62,80,63,80,60),
(3,'Venusaur','Grass','Poison',525,80,82,100,83,100,80),
(4,'Charmander','Fire',NULL,309,39,52,60,43,50,65),
(5,'Charmeleon','Fire',NULL,405,58,64,80,58,65,80),
(6,'Charizard','Fire','Flying',534,78,84,109,78,85,100),
(7,'Squirtle','Water',NULL,314,44,48,50,65,64,43),
(8,'Wartortle','Water',NULL,405,59,63,65,80,80,58),
(9,'Blastoise','Water',NULL,530,79,83,85,100,105,78),
(10,'Caterpie','Bug',NULL,195,45,30,20,35,20,45),
(11,'Metapod','Bug',NULL,205,50,20,25,55,25,30),
(12,'Butterfree','Bug','Flying',395,60,45,90,50,80,70),
(13,'Weedle','Bug','Poison',195,40,35,20,30,20,50),
(14,'Kakuna','Bug','Poison',205,45,25,25,50,25,35),
(15,'Beedrill','Bug','Poison',395,65,90,45,40,80,75),
(16,'Pidgey','Normal','Flying',251,40,45,35,40,35,56),
(17,'Pidgeotto','Normal','Flying',349,63,60,50,55,50,71),
(18,'Pidgeot','Normal','Flying',479,83,80,70,75,70,101),
(19,'Rattata','Normal',NULL,253,30,56,25,35,35,72),
(20,'Raticate','Normal',NULL,413,55,81,50,60,70,97),
(21,'Spearow','Normal','Flying',262,40,60,31,30,31,70),
(22,'Fearow','Normal','Flying',442,65,90,61,65,61,100),
(23,'Ekans','Poison',NULL,288,35,60,40,44,54,55),
(24,'Arbok','Poison',NULL,448,60,95,65,69,79,80),
(25,'Pikachu','Electric',NULL,320,35,55,50,40,50,90),
(26,'Raichu','Electric',NULL,485,60,90,90,55,80,110),
(27,'Sandshrew','Ground',NULL,300,50,75,20,85,30,40),
(28,'Sandslash','Ground',NULL,450,75,100,45,110,55,65),
(29,'Nidoran♀','Poison',NULL,275,55,47,40,52,40,41),
(30,'Nidorina','Poison',NULL,365,70,62,55,67,55,56),
(31,'Nidoqueen','Poison','Ground',505,90,92,75,87,85,76),
(32,'Nidoran♂','Poison',NULL,273,46,57,40,40,40,50),
(33,'Nidorino','Poison',NULL,365,61,72,55,57,55,65),
(34,'Nidoking','Poison','Ground',505,81,102,85,77,75,85),
(35,'Clefairy','Fairy',NULL,323,70,45,60,48,65,35),
(36,'Clefable','Fairy',NULL,483,95,70,95,73,90,60),
(37,'Vulpix','Fire',NULL,299,38,41,50,40,65,65),
(38,'Ninetales','Fire',NULL,505,73,76,81,75,100,100),
(39,'Jigglypuff','Normal','Fairy',270,115,45,45,20,25,20),
(40,'Wigglytuff','Normal','Fairy',435,140,70,85,45,50,45),
(41,'Zubat','Poison','Flying',245,40,45,30,35,40,55),
(42,'Golbat','Poison','Flying',455,75,80,65,70,75,90),
(43,'Oddish','Grass','Poison',320,45,50,75,55,65,30),
(44,'Gloom','Grass','Poison',395,60,65,85,70,75,40),
(45,'Vileplume','Grass','Poison',490,75,80,110,85,90,50),
(46,'Paras','Bug','Grass',285,35,70,45,55,55,25),
(47,'Parasect','Bug','Grass',405,60,95,60,80,80,30),
(48,'Venonat','Bug','Poison',305,60,55,40,50,55,45),
(49,'Venomoth','Bug','Poison',450,70,65,90,60,75,90),
(50,'Diglett','Ground',NULL,265,10,55,35,25,45,95),
(51,'Dugtrio','Ground',NULL,425,35,100,50,50,70,120),
(52,'Meowth','Normal',NULL,290,40,45,40,35,40,90),
(53,'Persian','Normal',NULL,440,65,70,65,60,65,115),
(54,'Psyduck','Water',NULL,320,50,52,65,48,50,55),
(55,'Golduck','Water',NULL,500,80,82,95,78,80,85),
(56,'Mankey','Fighting',NULL,305,40,80,35,35,45,70),
(57,'Primeape','Fighting',NULL,455,65,105,60,60,70,95),
(58,'Growlithe','Fire',NULL,350,55,70,70,45,50,60),
(59,'Arcanine','Fire',NULL,555,90,110,100,80,80,95),
(60,'Poliwag','Water',NULL,300,40,50,40,40,40,90),
(61,'Poliwhirl','Water',NULL,385,65,65,50,65,50,90),
(62,'Poliwrath','Water','Fighting',510,90,95,70,95,90,70),
(63,'Abra','Psychic',NULL,310,25,20,105,15,55,90),
(64,'Kadabra','Psychic',NULL,400,40,35,120,30,70,105),
(65,'Alakazam','Psychic',NULL,500,55,50,135,45,95,120),
(66,'Machop','Fighting',NULL,305,70,80,35,50,35,35),
(67,'Machoke','Fighting',NULL,405,80,100,50,70,60,45),
(68,'Machamp','Fighting',NULL,505,90,130,65,80,85,55),
(69,'Bellsprout','Grass','Poison',300,50,75,70,35,30,40),
(70,'Weepinbell','Grass','Poison',390,65,90,85,50,45,55),
(71,'Victreebel','Grass','Poison',490,80,105,100,65,70,70),
(72,'Tentacool','Water','Poison',335,40,40,50,35,100,70),
(73,'Tentacruel','Water','Poison',515,80,70,80,65,120,100),
(74,'Geodude','Rock','Ground',300,40,80,30,100,30,20),
(75,'Graveler','Rock','Ground',390,55,95,45,115,45,35),
(76,'Golem','Rock','Ground',495,80,120,55,130,65,45),
(77,'Ponyta','Fire',NULL,410,50,85,65,55,65,90),
(78,'Rapidash','Fire',NULL,500,65,100,80,70,80,105),
(79,'Slowpoke','Water','Psychic',315,90,65,40,65,40,15),
(80,'Slowbro','Water','Psychic',490,95,75,100,110,80,30),
(81,'Magnemite','Electric','Steel',325,25,35,95,70,55,45),
(82,'Magneton','Electric','Steel',465,50,60,120,95,70,70),
(83,'Farfetch''d','Normal','Flying',377,52,90,58,55,62,60),
(84,'Doduo','Normal','Flying',310,35,85,35,45,35,75),
(85,'Dodrio','Normal','Flying',470,60,110,60,70,60,110),
(86,'Seel','Water',NULL,325,65,45,45,55,70,45),
(87,'Dewgong','Water','Ice',475,90,70,70,80,95,70),
(88,'Grimer','Poison',NULL,325,80,80,40,50,50,25),
(89,'Muk','Poison',NULL,500,105,105,65,75,100,50),
(90,'Shellder','Water',NULL,305,30,65,45,100,25,40),
(91,'Cloyster','Water','Ice',525,50,95,85,180,45,70),
(92,'Gastly','Ghost','Poison',310,30,35,100,30,35,80),
(93,'Haunter','Ghost','Poison',405,45,50,115,45,55,95),
(94,'Gengar','Ghost','Poison',500,60,65,130,60,75,110),
(95,'Onix','Rock','Ground',385,35,45,30,160,45,70),
(96,'Drowzee','Psychic',NULL,328,60,48,43,45,90,42),
(97,'Hypno','Psychic',NULL,483,85,73,73,70,115,67),
(98,'Krabby','Water',NULL,325,30,105,25,90,25,50),
(99,'Kingler','Water',NULL,475,55,130,50,115,50,75),
(100,'Voltorb','Electric',NULL,330,40,30,55,50,55,100),
(101,'Electrode','Electric',NULL,490,60,50,80,70,80,150),
(102,'Exeggcute','Grass','Psychic',325,60,40,60,80,45,40),
(103,'Exeggutor','Grass','Psychic',530,95,95,125,85,75,55),
(104,'Cubone','Ground',NULL,320,50,50,40,95,50,35),
(105,'Marowak','Ground',NULL,425,60,80,50,110,80,45),
(106,'Hitmonlee','Fighting',NULL,455,50,120,35,53,110,87),
(107,'Hitmonchan','Fighting',NULL,455,50,105,35,79,110,76),
(108,'Lickitung','Normal',NULL,385,90,55,60,75,75,30),
(109,'Koffing','Poison',NULL,340,40,65,60,95,45,35),
(110,'Weezing','Poison',NULL,490,65,90,85,120,70,60),
(111,'Rhyhorn','Ground','Rock',345,80,85,30,95,30,25),
(112,'Rhydon','Ground','Rock',485,105,130,45,120,45,40),
(113,'Chansey','Normal',NULL,450,250,5,35,5,105,50),
(114,'Tangela','Grass',NULL,435,65,55,100,115,40,60),
(115,'Kangaskhan','Normal',NULL,490,105,95,40,80,80,90),
(116,'Horsea','Water',NULL,295,30,40,70,70,25,60),
(117,'Seadra','Water',NULL,440,55,65,95,95,45,85),
(118,'Goldeen','Water',NULL,320,45,67,35,60,50,63),
(119,'Seaking','Water',NULL,450,80,92,65,65,80,68),
(120,'Staryu','Water',NULL,340,30,45,70,55,55,85),
(121,'Starmie','Water','Psychic',520,60,75,100,85,85,115),
(122,'Mr. Mime','Psychic','Fairy',460,40,45,100,65,120,90),
(123,'Scyther','Bug','Flying',500,70,110,55,80,80,105),
(124,'Jynx','Ice','Psychic',455,65,50,115,35,95,95),
(125,'Electabuzz','Electric',NULL,490,65,83,95,57,85,105),
(126,'Magmar','Fire',NULL,495,65,95,100,57,85,93),
(127,'Pinsir','Bug',NULL,500,65,125,55,100,70,85),
(128,'Tauros','Normal',NULL,490,75,100,40,95,70,110),
(129,'Magikarp','Water',NULL,200,20,10,15,55,20,80),
(130,'Gyarados','Water','Flying',540,95,125,60,79,100,81),
(131,'Lapras','Water','Ice',535,130,85,85,80,95,60),
(132,'Ditto','Normal',NULL,288,48,48,48,48,48,48),
(133,'Eevee','Normal',NULL,325,55,55,45,50,65,55),
(134,'Vaporeon','Water',NULL,525,130,65,110,60,95,65),
(135,'Jolteon','Electric',NULL,525,65,65,110,60,95,130),
(136,'Flareon','Fire',NULL,525,65,130,95,60,110,65),
(137,'Porygon','Normal',NULL,395,65,60,85,70,75,40),
(138,'Omanyte','Rock','Water',355,35,40,90,100,55,35),
(139,'Omastar','Rock','Water',495,70,60,115,125,70,55),
(140,'Kabuto','Rock','Water',355,30,80,55,90,45,55),
(141,'Kabutops','Rock','Water',495,60,115,65,105,70,80),
(142,'Aerodactyl','Rock','Flying',515,80,105,60,65,75,130),
(143,'Snorlax','Normal',NULL,540,160,110,65,65,110,30),
(144,'Articuno','Ice','Flying',580,90,85,95,100,125,85),
(145,'Zapdos','Electric','Flying',580,90,90,125,85,90,100),
(146,'Moltres','Fire','Flying',580,90,100,125,90,85,90),
(147,'Dratini','Dragon',NULL,300,41,64,50,45,50,50),
(148,'Dragonair','Dragon',NULL,420,61,84,70,65,70,70),
(149,'Dragonite','Dragon','Flying',600,91,134,100,95,100,80),
(150,'Mewtwo','Psychic',NULL,680,106,110,154,90,90,130),
(151,'Mew','Psychic',NULL,600,100,100,100,100,100,100);

INSERT INTO moves (name, physical, moveType, pow, hit_chance, description, power_points) VALUES
('Absorb',FALSE,'Grass',20,'100','User recovers half the HP inflicted on opponent.',25),
('Acid',FALSE,'Poison',40,'100','May lower opponent''s Special Defense.',30),
('Acid Armor',FALSE,'Poison',NULL,NULL,'Sharply raises user''s Defense.',20),
('Agility',FALSE,'Psychic',NULL,NULL,'Sharply raises user''s Speed.',30),
('Amnesia',FALSE,'Psychic',NULL,NULL,'Sharply raises user''s Special Defense.',20),
('Aurora Beam',FALSE,'Ice',65,'100','May lower opponent''s Attack.',20),
('Barrage',TRUE,'Normal',15,'85','Hits 2-5 times in one turn.',20),
('Barrier',FALSE,'Psychic',NULL,NULL,'Sharply raises user''s Defense.',20),
('Bide',TRUE,'Normal',NULL,NULL,'User takes damage for two turns then strikes back double.',10),
('Bind',TRUE,'Normal',15,'85','Traps opponent, damaging them for 4-5 turns.',20),
('Bite',TRUE,'Dark',60,'100','May cause flinching.',25),
('Blizzard',FALSE,'Ice',110,'70','May freeze opponent.',5),
('Body Slam',TRUE,'Normal',85,'100','May paralyze opponent.',15),
('Bone Club',TRUE,'Ground',65,'85','May cause flinching.',20),
('Bonemerang',TRUE,'Ground',50,'90','Hits twice in one turn.',10),
('Bubble',FALSE,'Water',40,'100','May lower opponent''s Speed.',30),
('Bubble Beam',FALSE,'Water',65,'100','May lower opponent''s Speed.',20),
('Clamp',TRUE,'Water',35,'85','Traps opponent, damaging them for 4-5 turns.',15),
('Comet Punch',TRUE,'Normal',18,'85','Hits 2-5 times in one turn.',15),
('Confuse Ray',FALSE,'Ghost',NULL,'100','Confuses opponent.',10),
('Confusion',FALSE,'Psychic',50,'100','May confuse opponent.',25),
('Constrict',TRUE,'Normal',10,'100','May lower opponent''s Speed by one stage.',35),
('Conversion',FALSE,'Normal',NULL,NULL,'Changes user''s type to that of its first move.',30),
('Counter',TRUE,'Fighting',NULL,'100','When hit by a Physical Attack, user strikes back with 2x power.',20),
('Crabhammer',TRUE,'Water',100,'90','High critical hit ratio.',10),
('Cut',TRUE,'Normal',50,'95',NULL,30),
('Defense Curl',FALSE,'Normal',NULL,NULL,'Raises user''s Defense.',40),
('Dig',TRUE,'Ground',80,'100','Digs underground on first turn, attacks on second. Can also escape from caves.',10),
('Disable',FALSE,'Normal',NULL,'100','Opponent can''t use its last attack for a few turns.',20),
('Dizzy Punch',TRUE,'Normal',70,'100','May confuse opponent.',10),
('Double Kick',TRUE,'Fighting',30,'100','Hits twice in one turn.',30),
('Double Slap',TRUE,'Normal',15,'85','Hits 2-5 times in one turn.',10),
('Double Team',FALSE,'Normal',NULL,NULL,'Raises user''s Evasiveness.',15),
('Double-Edge',TRUE,'Normal',120,'100','User receives recoil damage.',15),
('Dragon Rage',FALSE,'Dragon',NULL,'100','Always inflicts 40 HP.',10),
('Dream Eater',FALSE,'Psychic',100,'100','User recovers half the HP inflicted on a sleeping opponent.',15),
('Drill Peck',TRUE,'Flying',80,'100',NULL,20),
('Earthquake',TRUE,'Ground',100,'100','Power is doubled if opponent is underground from using Dig.',10),
('Egg Bomb',TRUE,'Normal',100,'75',NULL,10),
('Ember',FALSE,'Fire',40,'100','May burn opponent.',25),
('Explosion',TRUE,'Normal',250,'100','User faints.',5),
('Fire Blast',FALSE,'Fire',110,'85','May burn opponent.',5),
('Fire Punch',TRUE,'Fire',75,'100','May burn opponent.',15),
('Fire Spin',FALSE,'Fire',35,'85','Traps opponent, damaging them for 4-5 turns.',15),
('Fissure',TRUE,'Ground',NULL,'30','One-Hit-KO, if it hits.',5),
('Flamethrower',FALSE,'Fire',90,'100','May burn opponent.',15),
('Flash',FALSE,'Normal',NULL,'100','Lowers opponent''s Accuracy.',20),
('Fly',TRUE,'Flying',90,'95','Flies up on first turn, attacks on second turn.',15),
('Focus Energy',FALSE,'Normal',NULL,NULL,'Increases critical hit ratio.',30),
('Fury Attack',TRUE,'Normal',15,'85','Hits 2-5 times in one turn.',20),
('Fury Swipes',TRUE,'Normal',18,'80','Hits 2-5 times in one turn.',15),
('Glare',FALSE,'Normal',NULL,'100','Paralyzes opponent.',30),
('Growl',FALSE,'Normal',NULL,'100','Lowers opponent''s Attack.',40),
('Growth',FALSE,'Normal',NULL,NULL,'Raises user''s Attack and Special Attack.',20),
('Guillotine',TRUE,'Normal',NULL,'30','One-Hit-KO, if it hits.',5),
('Gust',FALSE,'Flying',40,'100','Hits Pokémon using Fly/Bounce/Sky Drop with double power.',35),
('Harden',FALSE,'Normal',NULL,NULL,'Raises user''s Defense.',30),
('Haze',FALSE,'Ice',NULL,NULL,'Resets all stat changes.',30),
('Headbutt',TRUE,'Normal',70,'100','May cause flinching.',15),
('High Jump Kick',TRUE,'Fighting',130,'90','If it misses, the user loses half their HP.',10),
('Horn Attack',TRUE,'Normal',65,'100',NULL,25),
('Horn Drill',TRUE,'Normal',NULL,'30','One-Hit-KO, if it hits.',5),
('Hydro Pump',FALSE,'Water',110,'80',NULL,5),
('Hyper Beam',FALSE,'Normal',150,'90','User must recharge next turn.',5),
('Hyper Fang',TRUE,'Normal',80,'90','May cause flinching.',15),
('Hypnosis',FALSE,'Psychic',NULL,'60','Puts opponent to sleep.',20),
('Ice Beam',FALSE,'Ice',90,'100','May freeze opponent.',10),
('Ice Punch',TRUE,'Ice',75,'100','May freeze opponent.',15),
('Jump Kick',TRUE,'Fighting',100,'95','If it misses, the user loses half their HP.',10),
('Karate Chop',TRUE,'Fighting',50,'100','High critical hit ratio.',25),
('Kinesis',FALSE,'Psychic',NULL,'80','Lowers opponent''s Accuracy.',15),
('Leech Life',TRUE,'Bug',80,'100','User recovers half the HP inflicted on opponent.',10),
('Leech Seed',FALSE,'Grass',NULL,'90','Drains HP from opponent each turn.',10),
('Leer',FALSE,'Normal',NULL,'100','Lowers opponent''s Defense.',30),
('Lick',TRUE,'Ghost',30,'100','May paralyze opponent.',30),
('Light Screen',FALSE,'Psychic',NULL,NULL,'Halves damage from Special attacks for 5 turns.',30),
('Lovely Kiss',FALSE,'Normal',NULL,'75','Puts opponent to sleep.',10),
('Low Kick',TRUE,'Fighting',NULL,'100','The heavier the opponent, the stronger the attack.',20),
('Meditate',FALSE,'Psychic',NULL,NULL,'Raises user''s Attack.',40),
('Mega Drain',FALSE,'Grass',40,'100','User recovers half the HP inflicted on opponent.',15),
('Mega Kick',TRUE,'Normal',120,'75',NULL,5),
('Mega Punch',TRUE,'Normal',80,'85',NULL,20),
('Metronome',FALSE,'Normal',NULL,NULL,'User performs almost any move in the game at random.',10),
('Mimic',FALSE,'Normal',NULL,NULL,'Copies the opponent''s last move.',10),
('Minimize',FALSE,'Normal',NULL,NULL,'Sharply raises user''s Evasiveness.',10),
('Mirror Move',FALSE,'Flying',NULL,NULL,'User performs the opponent''s last move.',20),
('Mist',FALSE,'Ice',NULL,NULL,'User''s stats cannot be changed for a period of time.',30),
('Night Shade',FALSE,'Ghost',NULL,'100','Inflicts damage equal to user''s level.',15),
('Pay Day',TRUE,'Normal',40,'100','Money is earned after the battle.',20),
('Peck',TRUE,'Flying',35,'100',NULL,35),
('Petal Dance',FALSE,'Grass',120,'100','User attacks for 2-3 turns but then becomes confused.',10),
('Pin Missile',TRUE,'Bug',25,'95','Hits 2-5 times in one turn.',20),
('Poison Gas',FALSE,'Poison',NULL,'90','Poisons opponent.',40),
('Poison Powder',FALSE,'Poison',NULL,'75','Poisons opponent.',35),
('Poison Sting',TRUE,'Poison',15,'100','May poison the opponent.',35),
('Pound',TRUE,'Normal',40,'100',NULL,35),
('Psybeam',FALSE,'Psychic',65,'100','May confuse opponent.',20),
('Psychic',FALSE,'Psychic',90,'100','May lower opponent''s Special Defense.',10),
('Psywave',FALSE,'Psychic',NULL,'100','Inflicts damage 50-150% of user''s level.',15),
('Quick Attack',TRUE,'Normal',40,'100','User attacks first.',30),
('Rage',TRUE,'Normal',20,'100','Raises user''s Attack when hit.',20),
('Razor Leaf',TRUE,'Grass',55,'95','High critical hit ratio.',25),
('Razor Wind',FALSE,'Normal',80,'100','Charges on first turn, attacks on second. High critical hit ratio.',10),
('Recover',FALSE,'Normal',NULL,NULL,'User recovers half its max HP.',5),
('Reflect',FALSE,'Psychic',NULL,NULL,'Halves damage from Physical attacks for 5 turns.',20),
('Rest',FALSE,'Psychic',NULL,NULL,'User sleeps for 2 turns, but user is fully healed.',5),
('Roar',FALSE,'Normal',NULL,NULL,'In battles, the opponent switches. In the wild, the Pokémon runs.',20),
('Rock Slide',TRUE,'Rock',75,'90','May cause flinching.',10),
('Rock Throw',TRUE,'Rock',50,'90',NULL,15),
('Rolling Kick',TRUE,'Fighting',60,'85','May cause flinching.',15),
('Sand Attack',FALSE,'Ground',NULL,'100','Lowers opponent''s Accuracy.',15),
('Scratch',TRUE,'Normal',40,'100',NULL,35),
('Screech',FALSE,'Normal',NULL,'85','Sharply lowers opponent''s Defense.',40),
('Seismic Toss',TRUE,'Fighting',NULL,'100','Inflicts damage equal to user''s level.',20),
('Self-Destruct',TRUE,'Normal',200,'100','User faints.',5),
('Sharpen',FALSE,'Normal',NULL,NULL,'Raises user''s Attack.',30),
('Sing',FALSE,'Normal',NULL,'55','Puts opponent to sleep.',15),
('Skull Bash',TRUE,'Normal',130,'100','Raises Defense on first turn, attacks on second.',10),
('Sky Attack',TRUE,'Flying',140,'90','Charges on first turn, attacks on second. May cause flinching. High critical hit ratio.',5),
('Slam',TRUE,'Normal',80,'75',NULL,20),
('Slash',TRUE,'Normal',70,'100','High critical hit ratio.',20),
('Sleep Powder',FALSE,'Grass',NULL,'75','Puts opponent to sleep.',15),
('Sludge',FALSE,'Poison',65,'100','May poison opponent.',20),
('Smog',FALSE,'Poison',30,'70','May poison opponent.',20),
('Smokescreen',FALSE,'Normal',NULL,'100','Lowers opponent''s Accuracy.',20),
('Soft-Boiled',FALSE,'Normal',NULL,NULL,'User recovers half its max HP.',5),
('Solar Beam',FALSE,'Grass',120,'100','Charges on first turn, attacks on second.',10),
('Sonic Boom',FALSE,'Normal',NULL,'90','Always inflicts 20 HP.',20),
('Spike Cannon',TRUE,'Normal',20,'100','Hits 2-5 times in one turn.',15),
('Splash',FALSE,'Normal',NULL,NULL,'Doesn''t do ANYTHING.',40),
('Spore',FALSE,'Grass',NULL,'100','Puts opponent to sleep.',15),
('Stomp',TRUE,'Normal',65,'100','May cause flinching.',20),
('Strength',TRUE,'Normal',80,'100',NULL,15),
('String Shot',FALSE,'Bug',NULL,'95','Sharply lowers opponent''s Speed.',40),
('Struggle',TRUE,'Normal',50,NULL,'Only usable when all PP are gone. Hurts the user.',NULL),
('Stun Spore',FALSE,'Grass',NULL,'75','Paralyzes opponent.',30),
('Submission',TRUE,'Fighting',80,'80','User receives recoil damage.',20),
('Substitute',FALSE,'Normal',NULL,NULL,'Uses HP to creates a decoy that takes hits.',10),
('Super Fang',TRUE,'Normal',NULL,'90','Always takes off half of the opponent''s HP.',10),
('Supersonic',FALSE,'Normal',NULL,'55','Confuses opponent.',20),
('Surf',FALSE,'Water',90,'100','Hits all adjacent Pokémon.',15),
('Swift',FALSE,'Normal',60,'∞ ','Ignores Accuracy and Evasiveness.',20),
('Swords Dance',FALSE,'Normal',NULL,NULL,'Sharply raises user''s Attack.',20),
('Tackle',TRUE,'Normal',40,'100',NULL,35),
('Tail Whip',FALSE,'Normal',NULL,'100','Lowers opponent''s Defense.',30),
('Take Down',TRUE,'Normal',90,'85','User receives recoil damage.',20),
('Teleport',FALSE,'Psychic',NULL,NULL,'Allows user to flee wild battles; also warps player to last PokéCenter.',20),
('Thrash',TRUE,'Normal',120,'100','User attacks for 2-3 turns but then becomes confused.',10),
('Thunder',FALSE,'Electric',110,'70','May paralyze opponent.',10),
('Thunder Punch',TRUE,'Electric',75,'100','May paralyze opponent.',15),
('Thunder Shock',FALSE,'Electric',40,'100','May paralyze opponent.',30),
('Thunder Wave',FALSE,'Electric',NULL,'90','Paralyzes opponent.',20),
('Thunderbolt',FALSE,'Electric',90,'100','May paralyze opponent.',15),
('Toxic',FALSE,'Poison',NULL,'90','Badly poisons opponent.',10),
('Transform',FALSE,'Normal',NULL,NULL,'User takes on the form and attacks of the opponent.',10),
('Tri Attack',FALSE,'Normal',80,'100','May paralyze, burn or freeze opponent.',10),
('Twineedle',TRUE,'Bug',25,'100','Hits twice in one turn. May poison opponent.',20),
('Vine Whip',TRUE,'Grass',45,'100',NULL,25),
('Vise Grip',TRUE,'Normal',55,'100',NULL,30),
('Water Gun',FALSE,'Water',40,'100',NULL,25),
('Waterfall',TRUE,'Water',80,'100','May cause flinching.',15),
('Whirlwind',FALSE,'Normal',NULL,NULL,'In battles, the opponent switches. In the wild, the Pokémon runs.',20),
('Wing Attack',TRUE,'Flying',60,'100',NULL,35),
('Withdraw',FALSE,'Water',NULL,NULL,'Raises user''s Defense.',40),
('Wrap',TRUE,'Normal',15,'90','Traps opponent, damaging them for 4-5 turns.',20);


INSERT INTO canlearn (pokedex_id, move) VALUES
(1,'Bide'),
(1,'Body Slam'),
(1,'Cut'),
(1,'Double Team'),
(1,'Double-Edge'),
(1,'Growl'),
(1,'Growth'),
(1,'Leech Seed'),
(1,'Mega Drain'),
(1,'Mimic'),
(1,'PoisonPowder'),
(1,'Rage'),
(1,'Razor Leaf'),
(1,'Reflect'),
(1,'Rest'),
(1,'Sleep Powder'),
(1,'SolarBeam'),
(1,'Substitute'),
(1,'Swords Dance'),
(1,'Tackle'),
(1,'Take Down'),
(1,'Toxic'),
(1,'Vine Whip'),
(2,'Bide'),
(2,'Body Slam'),
(2,'Cut'),
(2,'Double Team'),
(2,'Double-Edge'),
(2,'Growl'),
(2,'Growth'),
(2,'Leech Seed'),
(2,'Mega Drain'),
(2,'Mimic'),
(2,'PoisonPowder'),
(2,'Rage'),
(2,'Razor Leaf'),
(2,'Reflect'),
(2,'Rest'),
(2,'Sleep Powder'),
(2,'SolarBeam'),
(2,'Substitute'),
(2,'Swords Dance'),
(2,'Tackle'),
(2,'Take Down'),
(2,'Toxic'),
(2,'Vine Whip'),
(3,'Bide'),
(3,'Body Slam'),
(3,'Cut'),
(3,'Double Team'),
(3,'Double-Edge'),
(3,'Growl'),
(3,'Growth'),
(3,'Hyper Beam'),
(3,'Leech Seed'),
(3,'Mega Drain'),
(3,'Mimic'),
(3,'PoisonPowder'),
(3,'Rage'),
(3,'Razor Leaf'),
(3,'Reflect'),
(3,'Rest'),
(3,'Sleep Powder'),
(3,'SolarBeam'),
(3,'Substitute'),
(3,'Swords Dance'),
(3,'Tackle'),
(3,'Take Down'),
(3,'Toxic'),
(3,'Vine Whip'),
(6,'Bide'),
(6,'Body Slam'),
(6,'Counter'),
(6,'Cut'),
(6,'Dig'),
(6,'Double Team'),
(6,'Double-Edge'),
(6,'Dragon Rage'),
(6,'Earthquake'),
(6,'Ember'),
(6,'Fire Blast'),
(6,'Fire Spin'),
(6,'Fissure'),
(6,'Flamethrower'),
(6,'Fly'),
(6,'Growl'),
(6,'Hyper Beam'),
(6,'Leer'),
(6,'Mega Kick'),
(6,'Mega Punch'),
(6,'Mimic'),
(6,'Rage'),
(6,'Reflect'),
(6,'Rest'),
(6,'Scratch'),
(6,'Seismic Toss'),
(6,'Skull Bash'),
(6,'Slash'),
(6,'Strength'),
(6,'Submission'),
(6,'Substitute'),
(6,'Swift'),
(6,'Swords Dance'),
(6,'Take Down'),
(6,'Toxic'),
(7,'Bide'),
(7,'Bite'),
(7,'Blizzard'),
(7,'Body Slam'),
(7,'Bubble'),
(7,'BubbleBeam'),
(7,'Counter'),
(7,'Dig'),
(7,'Double Team'),
(7,'Double-Edge'),
(7,'Hydro Pump'),
(7,'Ice Beam'),
(7,'Mega Kick'),
(7,'Mega Punch'),
(7,'Mimic'),
(7,'Rage'),
(7,'Reflect'),
(7,'Rest'),
(7,'Seismic Toss'),
(7,'Skull Bash'),
(7,'Strength'),
(7,'Submission'),
(7,'Substitute'),
(7,'Surf'),
(7,'Tackle'),
(7,'Tail Whip'),
(7,'Take Down'),
(7,'Toxic'),
(7,'Water Gun'),
(7,'Withdraw'),
(8,'Bide'),
(8,'Bite'),
(8,'Blizzard'),
(8,'Body Slam'),
(8,'Bubble'),
(8,'BubbleBeam'),
(8,'Counter'),
(8,'Dig'),
(8,'Double Team'),
(8,'Double-Edge'),
(8,'Hydro Pump'),
(8,'Ice Beam'),
(8,'Mega Kick'),
(8,'Mega Punch'),
(8,'Mimic'),
(8,'Rage'),
(8,'Reflect'),
(8,'Rest'),
(8,'Seismic Toss'),
(8,'Skull Bash'),
(8,'Strength'),
(8,'Submission'),
(8,'Substitute'),
(8,'Surf'),
(8,'Tackle'),
(8,'Tail Whip'),
(8,'Take Down'),
(8,'Toxic'),
(8,'Water Gun'),
(8,'Withdraw'),
(9,'Bide'),
(9,'Bite'),
(9,'Blizzard'),
(9,'Body Slam'),
(9,'Bubble'),
(9,'BubbleBeam'),
(9,'Counter'),
(9,'Dig'),
(9,'Double Team'),
(9,'Double-Edge'),
(9,'Earthquake'),
(9,'Fissure'),
(9,'Hydro Pump'),
(9,'Hyper Beam'),
(9,'Ice Beam'),
(9,'Mega Kick'),
(9,'Mega Punch'),
(9,'Mimic'),
(9,'Rage'),
(9,'Reflect'),
(9,'Rest'),
(9,'Seismic Toss'),
(9,'Skull Bash'),
(9,'Strength'),
(9,'Submission'),
(9,'Substitute'),
(9,'Surf'),
(9,'Tackle'),
(9,'Tail Whip'),
(9,'Take Down'),
(9,'Toxic'),
(9,'Water Gun'),
(9,'Withdraw'),
(10,'String Shot'),
(10,'Tackle'),
(11,'Harden'),
(12,'Bide'),
(12,'Confusion'),
(12,'Double Team'),
(12,'Double-Edge'),
(12,'Flash'),
(12,'Gust'),
(12,'Hyper Beam'),
(12,'Mega Drain'),
(12,'Mimic'),
(12,'PoisonPowder'),
(12,'Psybeam'),
(12,'Psychic'),
(12,'Psywave'),
(12,'Rage'),
(12,'Razor Wind'),
(12,'Reflect'),
(12,'Rest'),
(12,'Sleep Powder'),
(12,'SolarBeam'),
(12,'Stun Spore'),
(12,'Substitute'),
(12,'Supersonic'),
(12,'Swift'),
(12,'Take Down'),
(12,'Teleport'),
(12,'Toxic'),
(12,'Whirlwind'),
(14,'Harden'),
(15,'Agility'),
(15,'Bide'),
(15,'Cut'),
(15,'Double Team'),
(15,'Double-Edge'),
(15,'Focus Energy'),
(15,'Fury Attack'),
(15,'Hyper Beam'),
(15,'Mega Drain'),
(15,'Mimic'),
(15,'Pin Missile'),
(15,'Rage'),
(15,'Reflect'),
(15,'Rest'),
(15,'Skull Bash'),
(15,'Substitute'),
(15,'Swift'),
(15,'Swords Dance'),
(15,'Take Down'),
(15,'Toxic'),
(15,'Twineedle'),
(16,'Agility'),
(16,'Bide'),
(16,'Double Team'),
(16,'Double-Edge'),
(16,'Fly'),
(16,'Gust'),
(16,'Mimic'),
(16,'Mirror Move'),
(16,'Quick Attack'),
(16,'Rage'),
(16,'Razor Wind'),
(16,'Reflect'),
(16,'Rest'),
(16,'Sand-Attack'),
(16,'Sky Attack'),
(16,'Substitute'),
(16,'Swift'),
(16,'Take Down'),
(16,'Toxic'),
(16,'Whirlwind'),
(16,'Wing Attack'),
(17,'Agility'),
(17,'Bide'),
(17,'Double Team'),
(17,'Double-Edge'),
(17,'Fly'),
(17,'Gust'),
(17,'Mimic'),
(17,'Mirror Move'),
(17,'Quick Attack'),
(17,'Rage'),
(17,'Razor Wind'),
(17,'Reflect'),
(17,'Rest'),
(17,'Sand-Attack'),
(17,'Sky Attack'),
(17,'Substitute'),
(17,'Swift'),
(17,'Take Down'),
(17,'Toxic'),
(17,'Whirlwind'),
(17,'Wing Attack'),
(18,'Agility'),
(18,'Bide'),
(18,'Double Team'),
(18,'Double-Edge'),
(18,'Fly'),
(18,'Gust'),
(18,'Hyper Beam'),
(18,'Mimic'),
(18,'Mirror Move'),
(18,'Quick Attack'),
(18,'Rage'),
(18,'Razor Wind'),
(18,'Reflect'),
(18,'Rest'),
(18,'Sand-Attack'),
(18,'Sky Attack'),
(18,'Substitute'),
(18,'Swift'),
(18,'Take Down'),
(18,'Toxic'),
(18,'Whirlwind'),
(18,'Wing Attack'),
(19,'Bide'),
(19,'Blizzard'),
(19,'Body Slam'),
(19,'BubbleBeam'),
(19,'Dig'),
(19,'Double Team'),
(19,'Double-Edge'),
(19,'Focus Energy'),
(19,'Hyper Fang'),
(19,'Mimic'),
(19,'Quick Attack'),
(19,'Rage'),
(19,'Rest'),
(19,'Skull Bash'),
(19,'Substitute'),
(19,'Super Fang'),
(19,'Swift'),
(19,'Tackle'),
(19,'Tail Whip'),
(19,'Take Down'),
(19,'Thunder'),
(19,'Thunderbolt'),
(19,'Toxic'),
(19,'Water Gun'),
(20,'Bide'),
(20,'Blizzard'),
(20,'Body Slam'),
(20,'BubbleBeam'),
(20,'Dig'),
(20,'Double Team'),
(20,'Double-Edge'),
(20,'Focus Energy'),
(20,'Hyper Beam'),
(20,'Hyper Fang'),
(20,'Ice Beam'),
(20,'Mimic'),
(20,'Quick Attack'),
(20,'Rage'),
(20,'Rest'),
(20,'Skull Bash'),
(20,'Substitute'),
(20,'Super Fang'),
(20,'Swift'),
(20,'Tackle'),
(20,'Tail Whip'),
(20,'Take Down'),
(20,'Thunder'),
(20,'Thunderbolt'),
(20,'Toxic'),
(20,'Water Gun'),
(21,'Agility'),
(21,'Bide'),
(21,'Double Team'),
(21,'Double-Edge'),
(21,'Drill Peck'),
(21,'Fly'),
(21,'Fury Attack'),
(21,'Growl'),
(21,'Leer'),
(21,'Mimic'),
(21,'Mirror Move'),
(21,'Peck'),
(21,'Rage'),
(21,'Razor Wind'),
(21,'Rest'),
(21,'Sky Attack'),
(21,'Substitute'),
(21,'Swift'),
(21,'Take Down'),
(21,'Toxic'),
(21,'Whirlwind'),
(22,'Agility'),
(22,'Bide'),
(22,'Double Team'),
(22,'Double-Edge'),
(22,'Drill Peck'),
(22,'Fly'),
(22,'Fury Attack'),
(22,'Growl'),
(22,'Hyper Beam'),
(22,'Leer'),
(22,'Mimic'),
(22,'Mirror Move'),
(22,'Peck'),
(22,'Rage'),
(22,'Razor Wind'),
(22,'Rest'),
(22,'Sky Attack'),
(22,'Substitute'),
(22,'Swift'),
(22,'Take Down'),
(22,'Toxic'),
(22,'Whirlwind'),
(23,'Acid'),
(23,'Bide'),
(23,'Bite'),
(23,'Body Slam'),
(23,'Dig'),
(23,'Double Team'),
(23,'Double-Edge'),
(23,'Earthquake'),
(23,'Fissure'),
(23,'Glare'),
(23,'Leer'),
(23,'Mega Drain'),
(23,'Mimic'),
(23,'Poison Sting'),
(23,'Rage'),
(23,'Rest'),
(23,'Rock Slide'),
(23,'Screech'),
(23,'Skull Bash'),
(23,'Strength'),
(23,'Substitute'),
(23,'Take Down'),
(23,'Toxic'),
(23,'Wrap'),
(24,'Acid'),
(24,'Bide'),
(24,'Bite'),
(24,'Body Slam'),
(24,'Dig'),
(24,'Double Team'),
(24,'Double-Edge'),
(24,'Earthquake'),
(24,'Fissure'),
(24,'Glare'),
(24,'Hyper Beam'),
(24,'Leer'),
(24,'Mega Drain'),
(24,'Mimic'),
(24,'Poison Sting'),
(24,'Rage'),
(24,'Rest'),
(24,'Rock Slide'),
(24,'Screech'),
(24,'Skull Bash'),
(24,'Strength'),
(24,'Substitute'),
(24,'Take Down'),
(24,'Toxic'),
(24,'Wrap'),
(25,'Agility'),
(25,'Bide'),
(25,'Body Slam'),
(25,'Double Team'),
(25,'Double-Edge'),
(25,'Flash'),
(25,'Growl'),
(25,'Light Screen'),
(25,'Mega Kick'),
(25,'Mega Punch'),
(25,'Mimic'),
(25,'Pay Day'),
(25,'Quick Attack'),
(25,'Rage'),
(25,'Reflect'),
(25,'Rest'),
(25,'Seismic Toss'),
(25,'Skull Bash'),
(25,'Slam'),
(25,'Submission'),
(25,'Substitute'),
(25,'Swift'),
(25,'Tail Whip'),
(25,'Take Down'),
(25,'Thunder'),
(25,'Thunder Wave'),
(25,'ThunderShock'),
(25,'Thunderbolt'),
(25,'Toxic'),
(26,'Bide'),
(26,'Body Slam'),
(26,'Double Team'),
(26,'Double-Edge'),
(26,'Flash'),
(26,'Growl'),
(26,'Hyper Beam'),
(26,'Mega Kick'),
(26,'Mega Punch'),
(26,'Mimic'),
(26,'Pay Day'),
(26,'Rage'),
(26,'Reflect'),
(26,'Rest'),
(26,'Seismic Toss'),
(26,'Skull Bash'),
(26,'Submission'),
(26,'Substitute'),
(26,'Swift'),
(26,'Take Down'),
(26,'Thunder'),
(26,'Thunder Wave'),
(26,'ThunderShock'),
(26,'Thunderbolt'),
(26,'Toxic'),
(27,'Bide'),
(27,'Body Slam'),
(27,'Cut'),
(27,'Dig'),
(27,'Double Team'),
(27,'Double-Edge'),
(27,'Earthquake'),
(27,'Fissure'),
(27,'Fury Swipes'),
(27,'Mimic'),
(27,'Poison Sting'),
(27,'Rage'),
(27,'Rest'),
(27,'Rock Slide'),
(27,'Sand-Attack'),
(27,'Scratch'),
(27,'Seismic Toss'),
(27,'Skull Bash'),
(27,'Slash'),
(27,'Strength'),
(27,'Submission'),
(27,'Substitute'),
(27,'Swift'),
(27,'Swords Dance'),
(27,'Take Down'),
(27,'Toxic'),
(28,'Bide'),
(28,'Body Slam'),
(28,'Cut'),
(28,'Dig'),
(28,'Double Team'),
(28,'Double-Edge'),
(28,'Earthquake'),
(28,'Fissure'),
(28,'Hyper Beam'),
(28,'Mimic'),
(28,'Rage'),
(28,'Rest'),
(28,'Rock Slide'),
(28,'Seismic Toss'),
(28,'Skull Bash'),
(28,'Strength'),
(28,'Submission'),
(28,'Substitute'),
(28,'Swift'),
(28,'Swords Dance'),
(28,'Take Down'),
(28,'Toxic'),
(29,'Bide'),
(29,'Bite'),
(29,'Blizzard'),
(29,'Body Slam'),
(29,'Double Kick'),
(29,'Double Team'),
(29,'Double-Edge'),
(29,'Fury Swipes'),
(29,'Growl'),
(29,'Mimic'),
(29,'Poison Sting'),
(29,'Rage'),
(29,'Reflect'),
(29,'Rest'),
(29,'Scratch'),
(29,'Skull Bash'),
(29,'Substitute'),
(29,'Tackle'),
(29,'Tail Whip'),
(29,'Take Down'),
(29,'Thunder'),
(29,'Thunderbolt'),
(29,'Toxic'),
(30,'Bide'),
(30,'Bite'),
(30,'Blizzard'),
(30,'Body Slam'),
(30,'BubbleBeam'),
(30,'Double Kick'),
(30,'Double Team'),
(30,'Double-Edge'),
(30,'Fury Swipes'),
(30,'Growl'),
(30,'Horn Drill'),
(30,'Ice Beam'),
(30,'Mimic'),
(30,'Poison Sting'),
(30,'Rage'),
(30,'Reflect'),
(30,'Rest'),
(30,'Scratch'),
(30,'Skull Bash'),
(30,'Substitute'),
(30,'Tackle'),
(30,'Tail Whip'),
(30,'Take Down'),
(30,'Thunder'),
(30,'Thunderbolt'),
(30,'Toxic'),
(30,'Water Gun'),
(31,'Bide'),
(31,'Blizzard'),
(31,'Body Slam'),
(31,'BubbleBeam'),
(31,'Counter'),
(31,'Double Kick'),
(31,'Double Team'),
(31,'Double-Edge'),
(31,'Earthquake'),
(31,'Fire Blast'),
(31,'Fissure'),
(31,'Horn Drill'),
(31,'Hyper Beam'),
(31,'Ice Beam'),
(31,'Mega Kick'),
(31,'Mega Punch'),
(31,'Mimic'),
(31,'Pay Day'),
(31,'Poison Sting'),
(31,'Rage'),
(31,'Reflect'),
(31,'Rest'),
(31,'Rock Slide'),
(31,'Scratch'),
(31,'Seismic Toss'),
(31,'Skull Bash'),
(31,'Strength'),
(31,'Submission'),
(31,'Substitute'),
(31,'Surf'),
(31,'Tackle'),
(31,'Tail Whip'),
(31,'Take Down'),
(31,'Thunder'),
(31,'Thunderbolt'),
(31,'Toxic'),
(31,'Water Gun'),
(32,'Bide'),
(32,'Blizzard'),
(32,'Body Slam'),
(32,'Double Kick'),
(32,'Double Team'),
(32,'Double-Edge'),
(32,'Focus Energy'),
(32,'Fury Attack'),
(32,'Horn Attack'),
(32,'Horn Drill'),
(32,'Leer'),
(32,'Mimic'),
(32,'Poison Sting'),
(32,'Rage'),
(32,'Reflect'),
(32,'Rest'),
(32,'Skull Bash'),
(32,'Substitute'),
(32,'Tackle'),
(32,'Take Down'),
(32,'Thunder'),
(32,'Thunderbolt'),
(32,'Toxic'),
(33,'Bide'),
(33,'Blizzard'),
(33,'Body Slam'),
(33,'BubbleBeam'),
(33,'Double Kick'),
(33,'Double Team'),
(33,'Double-Edge'),
(33,'Focus Energy'),
(33,'Fury Attack'),
(33,'Horn Attack'),
(33,'Horn Drill'),
(33,'Ice Beam'),
(33,'Leer'),
(33,'Mimic'),
(33,'Poison Sting'),
(33,'Rage'),
(33,'Reflect'),
(33,'Rest'),
(33,'Skull Bash'),
(33,'Substitute'),
(33,'Tackle'),
(33,'Take Down'),
(33,'Thunder'),
(33,'Thunderbolt'),
(33,'Toxic'),
(33,'Water Gun'),
(34,'Bide'),
(34,'Blizzard'),
(34,'Body Slam'),
(34,'BubbleBeam'),
(34,'Counter'),
(34,'Double Kick'),
(34,'Double Team'),
(34,'Double-Edge'),
(34,'Earthquake'),
(34,'Fire Blast'),
(34,'Fissure'),
(34,'Horn Attack'),
(34,'Horn Drill'),
(34,'Hyper Beam'),
(34,'Ice Beam'),
(34,'Mega Kick'),
(34,'Mega Punch'),
(34,'Mimic'),
(34,'Pay Day'),
(34,'Poison Sting'),
(34,'Rage'),
(34,'Reflect'),
(34,'Rest'),
(34,'Rock Slide'),
(34,'Seismic Toss'),
(34,'Skull Bash'),
(34,'Strength'),
(34,'Submission'),
(34,'Substitute'),
(34,'Surf'),
(34,'Tackle'),
(34,'Take Down'),
(34,'Thrash'),
(34,'Thunder'),
(34,'Thunderbolt'),
(34,'Toxic'),
(34,'Water Gun'),
(35,'Bide'),
(35,'Blizzard'),
(35,'Body Slam'),
(35,'BubbleBeam'),
(35,'Counter'),
(35,'Defense Curl'),
(35,'Double Team'),
(35,'Double-Edge'),
(35,'DoubleSlap'),
(35,'Fire Blast'),
(35,'Flash'),
(35,'Growl'),
(35,'Ice Beam'),
(35,'Light Screen'),
(35,'Mega Kick'),
(35,'Mega Punch'),
(35,'Metronome'),
(35,'Mimic'),
(35,'Minimize'),
(35,'Pound'),
(35,'Psychic'),
(35,'Psywave'),
(35,'Rage'),
(35,'Reflect'),
(35,'Rest'),
(35,'Seismic Toss'),
(35,'Sing'),
(35,'Skull Bash'),
(35,'SolarBeam'),
(35,'Strength'),
(35,'Submission'),
(35,'Substitute'),
(35,'Take Down'),
(35,'Teleport'),
(35,'Thunder'),
(35,'Thunder Wave'),
(35,'Thunderbolt'),
(35,'Toxic'),
(35,'Tri Attack'),
(35,'Water Gun'),
(36,'Bide'),
(36,'Blizzard'),
(36,'Body Slam'),
(36,'BubbleBeam'),
(36,'Counter'),
(36,'Double Team'),
(36,'Double-Edge'),
(36,'DoubleSlap'),
(36,'Fire Blast'),
(36,'Flash'),
(36,'Hyper Beam'),
(36,'Ice Beam'),
(36,'Mega Kick'),
(36,'Mega Punch'),
(36,'Metronome'),
(36,'Mimic'),
(36,'Minimize'),
(36,'Psychic'),
(36,'Psywave'),
(36,'Rage'),
(36,'Reflect'),
(36,'Rest'),
(36,'Seismic Toss'),
(36,'Sing'),
(36,'Skull Bash'),
(36,'SolarBeam'),
(36,'Strength'),
(36,'Submission'),
(36,'Substitute'),
(36,'Take Down'),
(36,'Teleport'),
(36,'Thunder'),
(36,'Thunder Wave'),
(36,'Thunderbolt'),
(36,'Toxic'),
(36,'Tri Attack'),
(36,'Water Gun'),
(37,'Bide'),
(37,'Body Slam'),
(37,'Confuse Ray'),
(37,'Dig'),
(37,'Double Team'),
(37,'Double-Edge'),
(37,'Ember'),
(37,'Fire Blast'),
(37,'Fire Spin'),
(37,'Flamethrower'),
(37,'Mimic'),
(37,'Quick Attack'),
(37,'Rage'),
(37,'Reflect'),
(37,'Rest'),
(37,'Roar'),
(37,'Skull Bash'),
(37,'Substitute'),
(37,'Swift'),
(37,'Tail Whip'),
(37,'Take Down'),
(37,'Toxic'),
(38,'Bide'),
(38,'Body Slam'),
(38,'Dig'),
(38,'Double Team'),
(38,'Double-Edge'),
(38,'Ember'),
(38,'Fire Blast'),
(38,'Hyper Beam'),
(38,'Mimic'),
(38,'Quick Attack'),
(38,'Rage'),
(38,'Reflect'),
(38,'Rest'),
(38,'Roar'),
(38,'Skull Bash'),
(38,'Substitute'),
(38,'Swift'),
(38,'Tail Whip'),
(38,'Take Down'),
(38,'Toxic'),
(39,'Bide'),
(39,'Blizzard'),
(39,'Body Slam'),
(39,'BubbleBeam'),
(39,'Counter'),
(39,'Defense Curl'),
(39,'Disable'),
(39,'Double Team'),
(39,'Double-Edge'),
(39,'DoubleSlap'),
(39,'Fire Blast'),
(39,'Flash'),
(39,'Ice Beam'),
(39,'Mega Kick'),
(39,'Mega Punch'),
(39,'Mimic'),
(39,'Pound'),
(39,'Psychic'),
(39,'Psywave'),
(39,'Rage'),
(39,'Reflect'),
(39,'Rest'),
(39,'Seismic Toss'),
(39,'Sing'),
(39,'Skull Bash'),
(39,'SolarBeam'),
(39,'Strength'),
(39,'Submission'),
(39,'Substitute'),
(39,'Take Down'),
(39,'Teleport'),
(39,'Thunder'),
(39,'Thunder Wave'),
(39,'Thunderbolt'),
(39,'Toxic'),
(39,'Tri Attack'),
(39,'Water Gun'),
(40,'Bide'),
(40,'Blizzard'),
(40,'Body Slam'),
(40,'BubbleBeam'),
(40,'Counter'),
(40,'Defense Curl'),
(40,'Disable'),
(40,'Double Team'),
(40,'Double-Edge'),
(40,'DoubleSlap'),
(40,'Fire Blast'),
(40,'Flash'),
(40,'Hyper Beam'),
(40,'Ice Beam'),
(40,'Mega Kick'),
(40,'Mega Punch'),
(40,'Mimic'),
(40,'Psychic'),
(40,'Psywave'),
(40,'Rage'),
(40,'Reflect'),
(40,'Rest'),
(40,'Seismic Toss'),
(40,'Sing'),
(40,'Skull Bash'),
(40,'SolarBeam'),
(40,'Strength'),
(40,'Submission'),
(40,'Substitute'),
(40,'Take Down'),
(40,'Teleport'),
(40,'Thunder'),
(40,'Thunder Wave'),
(40,'Thunderbolt'),
(40,'Toxic'),
(40,'Tri Attack'),
(40,'Water Gun'),
(41,'Bide'),
(41,'Bite'),
(41,'Confuse Ray'),
(41,'Double Team'),
(41,'Double-Edge'),
(41,'Haze'),
(41,'Leech Life'),
(41,'Mega Drain'),
(41,'Mimic'),
(41,'Rage'),
(41,'Razor Wind'),
(41,'Rest'),
(41,'Substitute'),
(41,'Supersonic'),
(41,'Swift'),
(41,'Take Down'),
(41,'Toxic'),
(41,'Whirlwind'),
(41,'Wing Attack'),
(42,'Bide'),
(42,'Bite'),
(42,'Confuse Ray'),
(42,'Double Team'),
(42,'Double-Edge'),
(42,'Haze'),
(42,'Hyper Beam'),
(42,'Leech Life'),
(42,'Mega Drain'),
(42,'Mimic'),
(42,'Rage'),
(42,'Razor Wind'),
(42,'Rest'),
(42,'Screech'),
(42,'Substitute'),
(42,'Supersonic'),
(42,'Swift'),
(42,'Take Down'),
(42,'Toxic'),
(42,'Whirlwind'),
(42,'Wing Attack'),
(43,'Absorb'),
(43,'Acid'),
(43,'Bide'),
(43,'Cut'),
(43,'Double Team'),
(43,'Double-Edge'),
(43,'Mega Drain'),
(43,'Mimic'),
(43,'Petal Dance'),
(43,'PoisonPowder'),
(43,'Rage'),
(43,'Reflect'),
(43,'Rest'),
(43,'Sleep Powder'),
(43,'SolarBeam'),
(43,'Stun Spore'),
(43,'Substitute'),
(43,'Swords Dance'),
(43,'Take Down'),
(43,'Toxic'),
(44,'Absorb'),
(44,'Acid'),
(44,'Bide'),
(44,'Cut'),
(44,'Double Team'),
(44,'Double-Edge'),
(44,'Mega Drain'),
(44,'Mimic'),
(44,'Petal Dance'),
(44,'PoisonPowder'),
(44,'Rage'),
(44,'Reflect'),
(44,'Rest'),
(44,'Sleep Powder'),
(44,'SolarBeam'),
(44,'Stun Spore'),
(44,'Substitute'),
(44,'Swords Dance'),
(44,'Take Down'),
(44,'Toxic'),
(45,'Acid'),
(45,'Bide'),
(45,'Body Slam'),
(45,'Cut'),
(45,'Double Team'),
(45,'Double-Edge'),
(45,'Hyper Beam'),
(45,'Mega Drain'),
(45,'Mimic'),
(45,'Petal Dance'),
(45,'PoisonPowder'),
(45,'Rage'),
(45,'Reflect'),
(45,'Rest'),
(45,'Sleep Powder'),
(45,'SolarBeam'),
(45,'Stun Spore'),
(45,'Substitute'),
(45,'Swords Dance'),
(45,'Take Down'),
(45,'Toxic'),
(46,'Bide'),
(46,'Body Slam'),
(46,'Cut'),
(46,'Dig'),
(46,'Double Team'),
(46,'Double-Edge'),
(46,'Growth'),
(46,'Leech Life'),
(46,'Mega Drain'),
(46,'Mimic'),
(46,'Rage'),
(46,'Reflect'),
(46,'Rest'),
(46,'Scratch'),
(46,'Skull Bash'),
(46,'Slash'),
(46,'SolarBeam'),
(46,'Spore'),
(46,'Stun Spore'),
(46,'Substitute'),
(46,'Swords Dance'),
(46,'Take Down'),
(46,'Toxic'),
(47,'Bide'),
(47,'Body Slam'),
(47,'Cut'),
(47,'Dig'),
(47,'Double Team'),
(47,'Double-Edge'),
(47,'Growth'),
(47,'Hyper Beam'),
(47,'Leech Life'),
(47,'Mega Drain'),
(47,'Mimic'),
(47,'Rage'),
(47,'Reflect'),
(47,'Rest'),
(47,'Scratch'),
(47,'Skull Bash'),
(47,'Slash'),
(47,'SolarBeam'),
(47,'Spore'),
(47,'Stun Spore'),
(47,'Substitute'),
(47,'Swords Dance'),
(47,'Take Down'),
(47,'Toxic'),
(48,'Bide'),
(48,'Confusion'),
(48,'Disable'),
(48,'Double Team'),
(48,'Double-Edge'),
(48,'Flash'),
(48,'Leech Life'),
(48,'Mega Drain'),
(48,'Mimic'),
(48,'PoisonPowder'),
(48,'Psybeam'),
(48,'Psychic'),
(48,'Psywave'),
(48,'Rage'),
(48,'Reflect'),
(48,'Rest'),
(48,'Sleep Powder'),
(48,'SolarBeam'),
(48,'Stun Spore'),
(48,'Substitute'),
(48,'Supersonic'),
(48,'Tackle'),
(48,'Take Down'),
(48,'Toxic'),
(49,'Bide'),
(49,'Confusion'),
(49,'Disable'),
(49,'Double Team'),
(49,'Double-Edge'),
(49,'Flash'),
(49,'Hyper Beam'),
(49,'Leech Life'),
(49,'Mega Drain'),
(49,'Mimic'),
(49,'PoisonPowder'),
(49,'Psybeam'),
(49,'Psychic'),
(49,'Psywave'),
(49,'Rage'),
(49,'Razor Wind'),
(49,'Reflect'),
(49,'Rest'),
(49,'Sleep Powder'),
(49,'SolarBeam'),
(49,'Stun Spore'),
(49,'Substitute'),
(49,'Supersonic'),
(49,'Swift'),
(49,'Tackle'),
(49,'Take Down'),
(49,'Teleport'),
(49,'Toxic'),
(49,'Whirlwind'),
(50,'Bide'),
(50,'Body Slam'),
(50,'Cut'),
(50,'Dig'),
(50,'Double Team'),
(50,'Double-Edge'),
(50,'Earthquake'),
(50,'Fissure'),
(50,'Growl'),
(50,'Mimic'),
(50,'Rage'),
(50,'Rest'),
(50,'Rock Slide'),
(50,'Sand-Attack'),
(50,'Scratch'),
(50,'Slash'),
(50,'Substitute'),
(50,'Take Down'),
(50,'Toxic'),
(51,'Bide'),
(51,'Body Slam'),
(51,'Cut'),
(51,'Dig'),
(51,'Double Team'),
(51,'Double-Edge'),
(51,'Earthquake'),
(51,'Fissure'),
(51,'Growl'),
(51,'Hyper Beam'),
(51,'Mimic'),
(51,'Rage'),
(51,'Rest'),
(51,'Rock Slide'),
(51,'Sand-Attack'),
(51,'Scratch'),
(51,'Slash'),
(51,'Substitute'),
(51,'Take Down'),
(51,'Toxic'),
(52,'Bide'),
(52,'Bite'),
(52,'Body Slam'),
(52,'BubbleBeam'),
(52,'Double Team'),
(52,'Double-Edge'),
(52,'Fury Swipes'),
(52,'Growl'),
(52,'Mimic'),
(52,'Pay Day'),
(52,'Rage'),
(52,'Rest'),
(52,'Scratch'),
(52,'Screech'),
(52,'Skull Bash'),
(52,'Slash'),
(52,'Substitute'),
(52,'Swift'),
(52,'Take Down'),
(52,'Thunder'),
(52,'Thunderbolt'),
(52,'Toxic'),
(52,'Water Gun'),
(53,'Bide'),
(53,'Bite'),
(53,'Body Slam'),
(53,'BubbleBeam'),
(53,'Double Team'),
(53,'Double-Edge'),
(53,'Fury Swipes'),
(53,'Growl'),
(53,'Hyper Beam'),
(53,'Mimic'),
(53,'Pay Day'),
(53,'Rage'),
(53,'Rest'),
(53,'Scratch'),
(53,'Screech'),
(53,'Skull Bash'),
(53,'Slash'),
(53,'Substitute'),
(53,'Swift'),
(53,'Take Down'),
(53,'Thunder'),
(53,'Thunderbolt'),
(53,'Toxic'),
(53,'Water Gun'),
(54,'Bide'),
(54,'Blizzard'),
(54,'Body Slam'),
(54,'BubbleBeam'),
(54,'Confusion'),
(54,'Counter'),
(54,'Dig'),
(54,'Disable'),
(54,'Double Team'),
(54,'Double-Edge'),
(54,'Fury Swipes'),
(54,'Hydro Pump'),
(54,'Ice Beam'),
(54,'Mega Kick'),
(54,'Mega Punch'),
(54,'Mimic'),
(54,'Pay Day'),
(54,'Rage'),
(54,'Rest'),
(54,'Scratch'),
(54,'Seismic Toss'),
(54,'Skull Bash'),
(54,'Strength'),
(54,'Submission'),
(54,'Substitute'),
(54,'Surf'),
(54,'Swift'),
(54,'Tail Whip'),
(54,'Take Down'),
(54,'Toxic'),
(54,'Water Gun'),
(55,'Bide'),
(55,'Blizzard'),
(55,'Body Slam'),
(55,'BubbleBeam'),
(55,'Confusion'),
(55,'Counter'),
(55,'Dig'),
(55,'Disable'),
(55,'Double Team'),
(55,'Double-Edge'),
(55,'Fury Swipes'),
(55,'Hydro Pump'),
(55,'Hyper Beam'),
(55,'Ice Beam'),
(55,'Mega Kick'),
(55,'Mega Punch'),
(55,'Mimic'),
(55,'Pay Day'),
(55,'Rage'),
(55,'Rest'),
(55,'Scratch'),
(55,'Seismic Toss'),
(55,'Skull Bash'),
(55,'Strength'),
(55,'Submission'),
(55,'Substitute'),
(55,'Surf'),
(55,'Swift'),
(55,'Tail Whip'),
(55,'Take Down'),
(55,'Toxic'),
(55,'Water Gun'),
(56,'Bide'),
(56,'Body Slam'),
(56,'Counter'),
(56,'Dig'),
(56,'Double Team'),
(56,'Double-Edge'),
(56,'Focus Energy'),
(56,'Fury Swipes'),
(56,'Karate Chop'),
(56,'Leer'),
(56,'Low Kick'),
(56,'Mega Kick'),
(56,'Mega Punch'),
(56,'Metronome'),
(56,'Mimic'),
(56,'Pay Day'),
(56,'Rage'),
(56,'Rest'),
(56,'Rock Slide'),
(56,'Scratch'),
(56,'Screech'),
(56,'Seismic Toss'),
(56,'Skull Bash'),
(56,'Strength'),
(56,'Submission'),
(56,'Substitute'),
(56,'Swift'),
(56,'Take Down'),
(56,'Thrash'),
(56,'Thunder'),
(56,'Thunderbolt'),
(56,'Toxic'),
(57,'Bide'),
(57,'Body Slam'),
(57,'Counter'),
(57,'Dig'),
(57,'Double Team'),
(57,'Double-Edge'),
(57,'Focus Energy'),
(57,'Fury Swipes'),
(57,'Hyper Beam'),
(57,'Karate Chop'),
(57,'Leer'),
(57,'Low Kick'),
(57,'Mega Kick'),
(57,'Mega Punch'),
(57,'Metronome'),
(57,'Mimic'),
(57,'Pay Day'),
(57,'Rage'),
(57,'Rest'),
(57,'Rock Slide'),
(57,'Scratch'),
(57,'Screech'),
(57,'Seismic Toss'),
(57,'Skull Bash'),
(57,'Strength'),
(57,'Submission'),
(57,'Substitute'),
(57,'Swift'),
(57,'Take Down'),
(57,'Thrash'),
(57,'Thunder'),
(57,'Thunderbolt'),
(57,'Toxic'),
(58,'Agility'),
(58,'Bide'),
(58,'Bite'),
(58,'Body Slam'),
(58,'Dig'),
(58,'Double Team'),
(58,'Double-Edge'),
(58,'Dragon Rage'),
(58,'Ember'),
(58,'Fire Blast'),
(58,'Flamethrower'),
(58,'Leer'),
(58,'Mimic'),
(58,'Rage'),
(58,'Reflect'),
(58,'Rest'),
(58,'Roar'),
(58,'Skull Bash'),
(58,'Substitute'),
(58,'Swift'),
(58,'Take Down'),
(58,'Toxic'),
(59,'Bide'),
(59,'Body Slam'),
(59,'Dig'),
(59,'Double Team'),
(59,'Double-Edge'),
(59,'Dragon Rage'),
(59,'Ember'),
(59,'Fire Blast'),
(59,'Hyper Beam'),
(59,'Leer'),
(59,'Mimic'),
(59,'Rage'),
(59,'Reflect'),
(59,'Rest'),
(59,'Roar'),
(59,'Skull Bash'),
(59,'Substitute'),
(59,'Swift'),
(59,'Take Down'),
(59,'Teleport'),
(59,'Toxic'),
(60,'Amnesia'),
(60,'Bide'),
(60,'Blizzard'),
(60,'Body Slam'),
(60,'Bubble'),
(60,'BubbleBeam'),
(60,'Double Team'),
(60,'Double-Edge'),
(60,'DoubleSlap'),
(60,'Hydro Pump'),
(60,'Hypnosis'),
(60,'Ice Beam'),
(60,'Mimic'),
(60,'Psychic'),
(60,'Psywave'),
(60,'Rage'),
(60,'Rest'),
(60,'Skull Bash'),
(60,'Substitute'),
(60,'Surf'),
(60,'Take Down'),
(60,'Toxic'),
(60,'Water Gun'),
(61,'Amnesia'),
(61,'Bide'),
(61,'Blizzard'),
(61,'Body Slam'),
(61,'Bubble'),
(61,'BubbleBeam'),
(61,'Counter'),
(61,'Double Team'),
(61,'Double-Edge'),
(61,'DoubleSlap'),
(61,'Earthquake'),
(61,'Fissure'),
(61,'Hydro Pump'),
(61,'Hypnosis'),
(61,'Ice Beam'),
(61,'Mega Kick'),
(61,'Mega Punch'),
(61,'Metronome'),
(61,'Mimic'),
(61,'Psychic'),
(61,'Psywave'),
(61,'Rage'),
(61,'Rest'),
(61,'Seismic Toss'),
(61,'Skull Bash'),
(61,'Strength'),
(61,'Submission'),
(61,'Substitute'),
(61,'Surf'),
(61,'Take Down'),
(61,'Toxic'),
(61,'Water Gun'),
(62,'Bide'),
(62,'Blizzard'),
(62,'Body Slam'),
(62,'BubbleBeam'),
(62,'Counter'),
(62,'Double Team'),
(62,'Double-Edge'),
(62,'DoubleSlap'),
(62,'Earthquake'),
(62,'Fissure'),
(62,'Hyper Beam'),
(62,'Hypnosis'),
(62,'Ice Beam'),
(62,'Mega Kick'),
(62,'Mega Punch'),
(62,'Metronome'),
(62,'Mimic'),
(62,'Psychic'),
(62,'Psywave'),
(62,'Rage'),
(62,'Rest'),
(62,'Seismic Toss'),
(62,'Skull Bash'),
(62,'Strength'),
(62,'Submission'),
(62,'Substitute'),
(62,'Surf'),
(62,'Take Down'),
(62,'Toxic'),
(62,'Water Gun'),
(63,'Bide'),
(63,'Body Slam'),
(63,'Counter'),
(63,'Double Team'),
(63,'Double-Edge'),
(63,'Flash'),
(63,'Mega Kick'),
(63,'Mega Punch'),
(63,'Metronome'),
(63,'Mimic'),
(63,'Psychic'),
(63,'Psywave'),
(63,'Rage'),
(63,'Reflect'),
(63,'Rest'),
(63,'Seismic Toss'),
(63,'Skull Bash'),
(63,'Submission'),
(63,'Substitute'),
(63,'Take Down'),
(63,'Teleport'),
(63,'Thunder Wave'),
(63,'Toxic'),
(63,'Tri Attack'),
(64,'Bide'),
(64,'Body Slam'),
(64,'Confusion'),
(64,'Counter'),
(64,'Dig'),
(64,'Disable'),
(64,'Double Team'),
(64,'Double-Edge'),
(64,'Flash'),
(64,'Kinesis'),
(64,'Mega Kick'),
(64,'Mega Punch'),
(64,'Metronome'),
(64,'Mimic'),
(64,'Psybeam'),
(64,'Psychic'),
(64,'Psywave'),
(64,'Rage'),
(64,'Recover'),
(64,'Reflect'),
(64,'Rest'),
(64,'Seismic Toss'),
(64,'Skull Bash'),
(64,'Submission'),
(64,'Substitute'),
(64,'Take Down'),
(64,'Teleport'),
(64,'Thunder Wave'),
(64,'Toxic'),
(64,'Tri Attack'),
(65,'Bide'),
(65,'Body Slam'),
(65,'Confusion'),
(65,'Counter'),
(65,'Dig'),
(65,'Disable'),
(65,'Double Team'),
(65,'Double-Edge'),
(65,'Flash'),
(65,'Hyper Beam'),
(65,'Kinesis'),
(65,'Mega Kick'),
(65,'Mega Punch'),
(65,'Metronome'),
(65,'Mimic'),
(65,'Psybeam'),
(65,'Psychic'),
(65,'Psywave'),
(65,'Rage'),
(65,'Recover'),
(65,'Reflect'),
(65,'Rest'),
(65,'Seismic Toss'),
(65,'Skull Bash'),
(65,'Submission'),
(65,'Substitute'),
(65,'Take Down'),
(65,'Teleport'),
(65,'Thunder Wave'),
(65,'Toxic'),
(65,'Tri Attack'),
(66,'Bide'),
(66,'Body Slam'),
(66,'Counter'),
(66,'Dig'),
(66,'Double Team'),
(66,'Double-Edge'),
(66,'Earthquake'),
(66,'Fire Blast'),
(66,'Fissure'),
(66,'Focus Energy'),
(66,'Karate Chop'),
(66,'Leer'),
(66,'Low Kick'),
(66,'Mega Kick'),
(66,'Mega Punch'),
(66,'Metronome'),
(66,'Mimic'),
(66,'Rage'),
(66,'Rest'),
(66,'Rock Slide'),
(66,'Seismic Toss'),
(66,'Skull Bash'),
(66,'Strength'),
(66,'Submission'),
(66,'Substitute'),
(66,'Take Down'),
(66,'Toxic'),
(67,'Bide'),
(67,'Body Slam'),
(67,'Counter'),
(67,'Dig'),
(67,'Double Team'),
(67,'Double-Edge'),
(67,'Earthquake'),
(67,'Fire Blast'),
(67,'Fissure'),
(67,'Mega Kick'),
(67,'Mega Punch'),
(67,'Metronome'),
(67,'Mimic'),
(67,'Rage'),
(67,'Rest'),
(67,'Rock Slide'),
(67,'Seismic Toss'),
(67,'Skull Bash'),
(67,'Strength'),
(67,'Submission'),
(67,'Substitute'),
(67,'Take Down'),
(67,'Toxic'),
(68,'Bide'),
(68,'Body Slam'),
(68,'Counter'),
(68,'Dig'),
(68,'Double Team'),
(68,'Double-Edge'),
(68,'Earthquake'),
(68,'Fire Blast'),
(68,'Fissure'),
(68,'Focus Energy'),
(68,'Hyper Beam'),
(68,'Karate Chop'),
(68,'Leer'),
(68,'Low Kick'),
(68,'Mega Kick'),
(68,'Mega Punch'),
(68,'Metronome'),
(68,'Mimic'),
(68,'Rage'),
(68,'Rest'),
(68,'Rock Slide'),
(68,'Seismic Toss'),
(68,'Skull Bash'),
(68,'Strength'),
(68,'Submission'),
(68,'Substitute'),
(68,'Take Down'),
(68,'Toxic'),
(69,'Acid'),
(69,'Bide'),
(69,'Cut'),
(69,'Double Team'),
(69,'Double-Edge'),
(69,'Growth'),
(69,'Mega Drain'),
(69,'Mimic'),
(69,'PoisonPowder'),
(69,'Rage'),
(69,'Razor Leaf'),
(69,'Reflect'),
(69,'Rest'),
(69,'Slam'),
(69,'Sleep Powder'),
(69,'SolarBeam'),
(69,'Stun Spore'),
(69,'Substitute'),
(69,'Swords Dance'),
(69,'Take Down'),
(69,'Toxic'),
(69,'Vine Whip'),
(69,'Wrap'),
(70,'Acid'),
(70,'Bide'),
(70,'Cut'),
(70,'Double Team'),
(70,'Double-Edge'),
(70,'Growth'),
(70,'Mega Drain'),
(70,'Mimic'),
(70,'PoisonPowder'),
(70,'Rage'),
(70,'Razor Leaf'),
(70,'Reflect'),
(70,'Rest'),
(70,'Slam'),
(70,'Sleep Powder'),
(70,'SolarBeam'),
(70,'Stun Spore'),
(70,'Substitute'),
(70,'Swords Dance'),
(70,'Take Down'),
(70,'Toxic'),
(70,'Vine Whip'),
(70,'Wrap'),
(71,'Acid'),
(71,'Bide'),
(71,'Body Slam'),
(71,'Cut'),
(71,'Double Team'),
(71,'Double-Edge'),
(71,'Hyper Beam'),
(71,'Mega Drain'),
(71,'Mimic'),
(71,'PoisonPowder'),
(71,'Rage'),
(71,'Razor Leaf'),
(71,'Reflect'),
(71,'Rest'),
(71,'Sleep Powder'),
(71,'SolarBeam'),
(71,'Stun Spore'),
(71,'Substitute'),
(71,'Swords Dance'),
(71,'Take Down'),
(71,'Toxic'),
(71,'Wrap'),
(72,'Acid'),
(72,'Barrier'),
(72,'Bide'),
(72,'Blizzard'),
(72,'BubbleBeam'),
(72,'Constrict'),
(72,'Cut'),
(72,'Double Team'),
(72,'Double-Edge'),
(72,'Hydro Pump'),
(72,'Ice Beam'),
(72,'Mega Drain'),
(72,'Mimic'),
(72,'Poison Sting'),
(72,'Rage'),
(72,'Reflect'),
(72,'Rest'),
(72,'Screech'),
(72,'Skull Bash'),
(72,'Substitute'),
(72,'Supersonic'),
(72,'Surf'),
(72,'Swords Dance'),
(72,'Take Down'),
(72,'Toxic'),
(72,'Water Gun'),
(72,'Wrap'),
(73,'Bide'),
(73,'Blizzard'),
(73,'BubbleBeam'),
(73,'Cut'),
(73,'Double Team'),
(73,'Double-Edge'),
(73,'Hyper Beam'),
(73,'Ice Beam'),
(73,'Mega Drain'),
(73,'Mimic'),
(73,'Rage'),
(73,'Reflect'),
(73,'Rest'),
(73,'Skull Bash'),
(73,'Substitute'),
(73,'Surf'),
(73,'Swords Dance'),
(73,'Take Down'),
(73,'Toxic'),
(73,'Water Gun'),
(74,'Bide'),
(74,'Body Slam'),
(74,'Counter'),
(74,'Defense Curl'),
(74,'Dig'),
(74,'Double Team'),
(74,'Double-Edge'),
(74,'Earthquake'),
(74,'Explosion'),
(74,'Fire Blast'),
(74,'Fissure'),
(74,'Harden'),
(74,'Mega Punch'),
(74,'Metronome'),
(74,'Mimic'),
(74,'Rage'),
(74,'Rest'),
(74,'Rock Slide'),
(74,'Rock Throw'),
(74,'Seismic Toss'),
(74,'Selfdestruct'),
(74,'Strength'),
(74,'Submission'),
(74,'Substitute'),
(74,'Tackle'),
(74,'Take Down'),
(74,'Toxic'),
(75,'Bide'),
(75,'Body Slam'),
(75,'Counter'),
(75,'Defense Curl'),
(75,'Dig'),
(75,'Double Team'),
(75,'Double-Edge'),
(75,'Earthquake'),
(75,'Explosion'),
(75,'Fire Blast'),
(75,'Fissure'),
(75,'Harden'),
(75,'Mega Punch'),
(75,'Metronome'),
(75,'Mimic'),
(75,'Rage'),
(75,'Rest'),
(75,'Rock Slide'),
(75,'Rock Throw'),
(75,'Seismic Toss'),
(75,'Selfdestruct'),
(75,'Strength'),
(75,'Submission'),
(75,'Substitute'),
(75,'Tackle'),
(75,'Take Down'),
(75,'Toxic'),
(76,'Bide'),
(76,'Body Slam'),
(76,'Counter'),
(76,'Defense Curl'),
(76,'Dig'),
(76,'Double Team'),
(76,'Double-Edge'),
(76,'Earthquake'),
(76,'Explosion'),
(76,'Fire Blast'),
(76,'Fissure'),
(76,'Harden'),
(76,'Hyper Beam'),
(76,'Mega Kick'),
(76,'Mega Punch'),
(76,'Metronome'),
(76,'Mimic'),
(76,'Rage'),
(76,'Rest'),
(76,'Rock Slide'),
(76,'Rock Throw'),
(76,'Seismic Toss'),
(76,'Selfdestruct'),
(76,'Strength'),
(76,'Submission'),
(76,'Substitute'),
(76,'Tackle'),
(76,'Take Down'),
(76,'Toxic'),
(77,'Agility'),
(77,'Bide'),
(77,'Body Slam'),
(77,'Double Team'),
(77,'Double-Edge'),
(77,'Ember'),
(77,'Fire Blast'),
(77,'Fire Spin'),
(77,'Growl'),
(77,'Horn Drill'),
(77,'Mimic'),
(77,'Rage'),
(77,'Reflect'),
(77,'Rest'),
(77,'Skull Bash'),
(77,'Stomp'),
(77,'Substitute'),
(77,'Swift'),
(77,'Tail Whip'),
(77,'Take Down'),
(77,'Toxic'),
(78,'Agility'),
(78,'Bide'),
(78,'Body Slam'),
(78,'Double Team'),
(78,'Double-Edge'),
(78,'Ember'),
(78,'Fire Blast'),
(78,'Fire Spin'),
(78,'Growl'),
(78,'Horn Drill'),
(78,'Hyper Beam'),
(78,'Mimic'),
(78,'Rage'),
(78,'Reflect'),
(78,'Rest'),
(78,'Skull Bash'),
(78,'Stomp'),
(78,'Substitute'),
(78,'Swift'),
(78,'Tail Whip'),
(78,'Take Down'),
(78,'Toxic'),
(79,'Amnesia'),
(79,'Bide'),
(79,'Blizzard'),
(79,'Body Slam'),
(79,'BubbleBeam'),
(79,'Confusion'),
(79,'Dig'),
(79,'Disable'),
(79,'Double Team'),
(79,'Double-Edge'),
(79,'Earthquake'),
(79,'Fire Blast'),
(79,'Fissure'),
(79,'Flash'),
(79,'Growl'),
(79,'Headbutt'),
(79,'Ice Beam'),
(79,'Mimic'),
(79,'Pay Day'),
(79,'Psychic'),
(79,'Psywave'),
(79,'Rage'),
(79,'Reflect'),
(79,'Rest'),
(79,'Skull Bash'),
(79,'Strength'),
(79,'Substitute'),
(79,'Surf'),
(79,'Swift'),
(79,'Take Down'),
(79,'Teleport'),
(79,'Thunder Wave'),
(79,'Toxic'),
(79,'Tri Attack'),
(79,'Water Gun'),
(80,'Amnesia'),
(80,'Bide'),
(80,'Blizzard'),
(80,'Body Slam'),
(80,'BubbleBeam'),
(80,'Confusion'),
(80,'Counter'),
(80,'Dig'),
(80,'Disable'),
(80,'Double Team'),
(80,'Double-Edge'),
(80,'Earthquake'),
(80,'Fire Blast'),
(80,'Fissure'),
(80,'Flash'),
(80,'Growl'),
(80,'Headbutt'),
(80,'Hyper Beam'),
(80,'Ice Beam'),
(80,'Mega Kick'),
(80,'Mega Punch'),
(80,'Mimic'),
(80,'Pay Day'),
(80,'Psychic'),
(80,'Psywave'),
(80,'Rage'),
(80,'Reflect'),
(80,'Rest'),
(80,'Seismic Toss'),
(80,'Skull Bash'),
(80,'Strength'),
(80,'Submission'),
(80,'Substitute'),
(80,'Surf'),
(80,'Swift'),
(80,'Take Down'),
(80,'Teleport'),
(80,'Thunder Wave'),
(80,'Toxic'),
(80,'Tri Attack'),
(80,'Water Gun'),
(80,'Withdraw'),
(81,'Bide'),
(81,'Double Team'),
(81,'Double-Edge'),
(81,'Flash'),
(81,'Mimic'),
(81,'Rage'),
(81,'Reflect'),
(81,'Rest'),
(81,'Screech'),
(81,'SonicBoom'),
(81,'Substitute'),
(81,'Supersonic'),
(81,'Swift'),
(81,'Tackle'),
(81,'Take Down'),
(81,'Teleport'),
(81,'Thunder'),
(81,'Thunder Wave'),
(81,'ThunderShock'),
(81,'Thunderbolt'),
(81,'Toxic'),
(82,'Bide'),
(82,'Double Team'),
(82,'Double-Edge'),
(82,'Flash'),
(82,'Hyper Beam'),
(82,'Mimic'),
(82,'Rage'),
(82,'Reflect'),
(82,'Rest'),
(82,'Screech'),
(82,'SonicBoom'),
(82,'Substitute'),
(82,'Supersonic'),
(82,'Swift'),
(82,'Tackle'),
(82,'Take Down'),
(82,'Teleport'),
(82,'Thunder'),
(82,'Thunder Wave'),
(82,'ThunderShock'),
(82,'Thunderbolt'),
(82,'Toxic'),
(83,'Agility'),
(83,'Bide'),
(83,'Body Slam'),
(83,'Cut'),
(83,'Double Team'),
(83,'Double-Edge'),
(83,'Fly'),
(83,'Fury Attack'),
(83,'Leer'),
(83,'Mimic'),
(83,'Peck'),
(83,'Rage'),
(83,'Razor Wind'),
(83,'Reflect'),
(83,'Rest'),
(83,'Sand-Attack'),
(83,'Skull Bash'),
(83,'Slash'),
(83,'Substitute'),
(83,'Swift'),
(83,'Swords Dance'),
(83,'Take Down'),
(83,'Toxic'),
(83,'Whirlwind'),
(84,'Agility'),
(84,'Bide'),
(84,'Body Slam'),
(84,'Double Team'),
(84,'Double-Edge'),
(84,'Drill Peck'),
(84,'Fly'),
(84,'Fury Attack'),
(84,'Growl'),
(84,'Mimic'),
(84,'Peck'),
(84,'Rage'),
(84,'Reflect'),
(84,'Rest'),
(84,'Skull Bash'),
(84,'Sky Attack'),
(84,'Substitute'),
(84,'Take Down'),
(84,'Toxic'),
(84,'Tri Attack'),
(84,'Whirlwind'),
(85,'Agility'),
(85,'Bide'),
(85,'Body Slam'),
(85,'Double Team'),
(85,'Double-Edge'),
(85,'Drill Peck'),
(85,'Fly'),
(85,'Fury Attack'),
(85,'Growl'),
(85,'Hyper Beam'),
(85,'Mimic'),
(85,'Peck'),
(85,'Rage'),
(85,'Reflect'),
(85,'Rest'),
(85,'Skull Bash'),
(85,'Sky Attack'),
(85,'Substitute'),
(85,'Take Down'),
(85,'Toxic'),
(85,'Tri Attack'),
(85,'Whirlwind'),
(86,'Aurora Beam'),
(86,'Bide'),
(86,'Blizzard'),
(86,'Body Slam'),
(86,'BubbleBeam'),
(86,'Double Team'),
(86,'Double-Edge'),
(86,'Growl'),
(86,'Headbutt'),
(86,'Horn Drill'),
(86,'Ice Beam'),
(86,'Mimic'),
(86,'Pay Day'),
(86,'Rage'),
(86,'Rest'),
(86,'Skull Bash'),
(86,'Strength'),
(86,'Substitute'),
(86,'Surf'),
(86,'Take Down'),
(86,'Toxic'),
(86,'Water Gun'),
(87,'Aurora Beam'),
(87,'Bide'),
(87,'Blizzard'),
(87,'Body Slam'),
(87,'BubbleBeam'),
(87,'Double Team'),
(87,'Double-Edge'),
(87,'Growl'),
(87,'Headbutt'),
(87,'Horn Drill'),
(87,'Hyper Beam'),
(87,'Ice Beam'),
(87,'Mimic'),
(87,'Pay Day'),
(87,'Rage'),
(87,'Rest'),
(87,'Skull Bash'),
(87,'Strength'),
(87,'Substitute'),
(87,'Surf'),
(87,'Take Down'),
(87,'Toxic'),
(87,'Water Gun'),
(88,'Acid Armor'),
(88,'Bide'),
(88,'Body Slam'),
(88,'Disable'),
(88,'Double Team'),
(88,'Explosion'),
(88,'Fire Blast'),
(88,'Harden'),
(88,'Mega Drain'),
(88,'Mimic'),
(88,'Minimize'),
(88,'Poison Gas'),
(88,'Pound'),
(88,'Rage'),
(88,'Rest'),
(88,'Screech'),
(88,'Selfdestruct'),
(88,'Sludge'),
(88,'Substitute'),
(88,'Thunder'),
(88,'Thunderbolt'),
(88,'Toxic'),
(89,'Acid Armor'),
(89,'Bide'),
(89,'Body Slam'),
(89,'Disable'),
(89,'Double Team'),
(89,'Explosion'),
(89,'Fire Blast'),
(89,'Harden'),
(89,'Hyper Beam'),
(89,'Mega Drain'),
(89,'Mimic'),
(89,'Minimize'),
(89,'Poison Gas'),
(89,'Pound'),
(89,'Rage'),
(89,'Rest'),
(89,'Screech'),
(89,'Selfdestruct'),
(89,'Sludge'),
(89,'Substitute'),
(89,'Thunder'),
(89,'Thunderbolt'),
(89,'Toxic'),
(90,'Aurora Beam'),
(90,'Bide'),
(90,'Blizzard'),
(90,'BubbleBeam'),
(90,'Clamp'),
(90,'Double Team'),
(90,'Double-Edge'),
(90,'Explosion'),
(90,'Ice Beam'),
(90,'Leer'),
(90,'Mimic'),
(90,'Rage'),
(90,'Reflect'),
(90,'Rest'),
(90,'Selfdestruct'),
(90,'Substitute'),
(90,'Supersonic'),
(90,'Surf'),
(90,'Swift'),
(90,'Tackle'),
(90,'Take Down'),
(90,'Teleport'),
(90,'Toxic'),
(90,'Tri Attack'),
(90,'Water Gun'),
(90,'Withdraw'),
(91,'Aurora Beam'),
(91,'Bide'),
(91,'Blizzard'),
(91,'BubbleBeam'),
(91,'Clamp'),
(91,'Double Team'),
(91,'Double-Edge'),
(91,'Explosion'),
(91,'Hyper Beam'),
(91,'Ice Beam'),
(91,'Mimic'),
(91,'Rage'),
(91,'Reflect'),
(91,'Rest'),
(91,'Selfdestruct'),
(91,'Spike Cannon'),
(91,'Substitute'),
(91,'Supersonic'),
(91,'Surf'),
(91,'Swift'),
(91,'Take Down'),
(91,'Teleport'),
(91,'Toxic'),
(91,'Tri Attack'),
(91,'Water Gun'),
(91,'Withdraw'),
(92,'Bide'),
(92,'Confuse Ray'),
(92,'Double Team'),
(92,'Dream Eater'),
(92,'Explosion'),
(92,'Hypnosis'),
(92,'Lick'),
(92,'Mega Drain'),
(92,'Mimic'),
(92,'Night Shade'),
(92,'Psychic'),
(92,'Psywave'),
(92,'Rage'),
(92,'Rest'),
(92,'Selfdestruct'),
(92,'Substitute'),
(92,'Thunder'),
(92,'Thunderbolt'),
(92,'Toxic'),
(93,'Bide'),
(93,'Confuse Ray'),
(93,'Double Team'),
(93,'Dream Eater'),
(93,'Explosion'),
(93,'Hypnosis'),
(93,'Lick'),
(93,'Mega Drain'),
(93,'Mimic'),
(93,'Night Shade'),
(93,'Psychic'),
(93,'Psywave'),
(93,'Rage'),
(93,'Rest'),
(93,'Selfdestruct'),
(93,'Substitute'),
(93,'Thunder'),
(93,'Thunderbolt'),
(93,'Toxic'),
(94,'Bide'),
(94,'Body Slam'),
(94,'Confuse Ray'),
(94,'Counter'),
(94,'Double Team'),
(94,'Double-Edge'),
(94,'Dream Eater'),
(94,'Explosion'),
(94,'Hyper Beam'),
(94,'Hypnosis'),
(94,'Lick'),
(94,'Mega Drain'),
(94,'Mega Kick'),
(94,'Mega Punch'),
(94,'Metronome'),
(94,'Mimic'),
(94,'Night Shade'),
(94,'Psychic'),
(94,'Psywave'),
(94,'Rage'),
(94,'Rest'),
(94,'Seismic Toss'),
(94,'Selfdestruct'),
(94,'Skull Bash'),
(94,'Strength'),
(94,'Submission'),
(94,'Substitute'),
(94,'Take Down'),
(94,'Thunder'),
(94,'Thunderbolt'),
(94,'Toxic'),
(95,'Bide'),
(95,'Bind'),
(95,'Body Slam'),
(95,'Dig'),
(95,'Double Team'),
(95,'Double-Edge'),
(95,'Earthquake'),
(95,'Explosion'),
(95,'Fissure'),
(95,'Harden'),
(95,'Mimic'),
(95,'Rage'),
(95,'Rest'),
(95,'Rock Slide'),
(95,'Rock Throw'),
(95,'Screech'),
(95,'Selfdestruct'),
(95,'Skull Bash'),
(95,'Slam'),
(95,'Strength'),
(95,'Substitute'),
(95,'Tackle'),
(95,'Take Down'),
(95,'Toxic'),
(96,'Bide'),
(96,'Body Slam'),
(96,'Confusion'),
(96,'Counter'),
(96,'Disable'),
(96,'Double Team'),
(96,'Double-Edge'),
(96,'Dream Eater'),
(96,'Flash'),
(96,'Headbutt'),
(96,'Hypnosis'),
(96,'Meditate'),
(96,'Mega Kick'),
(96,'Mega Punch'),
(96,'Metronome'),
(96,'Mimic'),
(96,'Poison Gas'),
(96,'Pound'),
(96,'Psychic'),
(96,'Psywave'),
(96,'Rage'),
(96,'Reflect'),
(96,'Rest'),
(96,'Seismic Toss'),
(96,'Skull Bash'),
(96,'Submission'),
(96,'Substitute'),
(96,'Take Down'),
(96,'Teleport'),
(96,'Thunder Wave'),
(96,'Toxic'),
(96,'Tri Attack'),
(97,'Bide'),
(97,'Body Slam'),
(97,'Confusion'),
(97,'Counter'),
(97,'Disable'),
(97,'Double Team'),
(97,'Double-Edge'),
(97,'Dream Eater'),
(97,'Flash'),
(97,'Headbutt'),
(97,'Hyper Beam'),
(97,'Hypnosis'),
(97,'Meditate'),
(97,'Mega Kick'),
(97,'Mega Punch'),
(97,'Metronome'),
(97,'Mimic'),
(97,'Poison Gas'),
(97,'Pound'),
(97,'Psychic'),
(97,'Psywave'),
(97,'Rage'),
(97,'Reflect'),
(97,'Rest'),
(97,'Seismic Toss'),
(97,'Skull Bash'),
(97,'Submission'),
(97,'Substitute'),
(97,'Take Down'),
(97,'Teleport'),
(97,'Thunder Wave'),
(97,'Toxic'),
(97,'Tri Attack'),
(98,'Bide'),
(98,'Blizzard'),
(98,'Body Slam'),
(98,'Bubble'),
(98,'BubbleBeam'),
(98,'Crabhammer'),
(98,'Cut'),
(98,'Double Team'),
(98,'Double-Edge'),
(98,'Guillotine'),
(98,'Harden'),
(98,'Ice Beam'),
(98,'Leer'),
(98,'Mimic'),
(98,'Rage'),
(98,'Rest'),
(98,'Stomp'),
(98,'Strength'),
(98,'Substitute'),
(98,'Surf'),
(98,'Swords Dance'),
(98,'Take Down'),
(98,'Toxic'),
(98,'ViceGrip'),
(98,'Water Gun'),
(99,'Bide'),
(99,'Blizzard'),
(99,'Body Slam'),
(99,'Bubble'),
(99,'BubbleBeam'),
(99,'Crabhammer'),
(99,'Cut'),
(99,'Double Team'),
(99,'Double-Edge'),
(99,'Guillotine'),
(99,'Harden'),
(99,'Hyper Beam'),
(99,'Ice Beam'),
(99,'Leer'),
(99,'Mimic'),
(99,'Rage'),
(99,'Rest'),
(99,'Stomp'),
(99,'Strength'),
(99,'Substitute'),
(99,'Surf'),
(99,'Swords Dance'),
(99,'Take Down'),
(99,'Toxic'),
(99,'ViceGrip'),
(99,'Water Gun'),
(100,'Bide'),
(100,'Double Team'),
(100,'Explosion'),
(100,'Flash'),
(100,'Light Screen'),
(100,'Mimic'),
(100,'Rage'),
(100,'Reflect'),
(100,'Rest'),
(100,'Screech'),
(100,'Selfdestruct'),
(100,'SonicBoom'),
(100,'Substitute'),
(100,'Swift'),
(100,'Take Down'),
(100,'Teleport'),
(100,'Thunder'),
(100,'Thunder Wave'),
(100,'Thunderbolt'),
(100,'Toxic'),
(101,'Bide'),
(101,'Double Team'),
(101,'Explosion'),
(101,'Flash'),
(101,'Hyper Beam'),
(101,'Light Screen'),
(101,'Mimic'),
(101,'Rage'),
(101,'Reflect'),
(101,'Rest'),
(101,'Screech'),
(101,'Selfdestruct'),
(101,'Skull Bash'),
(101,'SonicBoom'),
(101,'Substitute'),
(101,'Swift'),
(101,'Tackle'),
(101,'Take Down'),
(101,'Teleport'),
(101,'Thunder'),
(101,'Thunder Wave'),
(101,'Thunderbolt'),
(101,'Toxic'),
(102,'Barrage'),
(102,'Bide'),
(102,'Double Team'),
(102,'Double-Edge'),
(102,'Egg Bomb'),
(102,'Explosion'),
(102,'Hypnosis'),
(102,'Leech Seed'),
(102,'Mimic'),
(102,'PoisonPowder'),
(102,'Psychic'),
(102,'Psywave'),
(102,'Rage'),
(102,'Reflect'),
(102,'Rest'),
(102,'Selfdestruct'),
(102,'Sleep Powder'),
(102,'Stun Spore'),
(102,'Substitute'),
(102,'Take Down'),
(102,'Teleport'),
(102,'Toxic'),
(103,'Barrage'),
(103,'Bide'),
(103,'Double Team'),
(103,'Double-Edge'),
(103,'Egg Bomb'),
(103,'Explosion'),
(103,'Hyper Beam'),
(103,'Hypnosis'),
(103,'Mega Drain'),
(103,'Mimic'),
(103,'Psychic'),
(103,'Psywave'),
(103,'Rage'),
(103,'Reflect'),
(103,'Rest'),
(103,'Selfdestruct'),
(103,'SolarBeam'),
(103,'Stomp'),
(103,'Strength'),
(103,'Substitute'),
(103,'Take Down'),
(103,'Teleport'),
(103,'Toxic'),
(104,'Bide'),
(104,'Blizzard'),
(104,'Body Slam'),
(104,'Bone Club'),
(104,'Bonemerang'),
(104,'BubbleBeam'),
(104,'Counter'),
(104,'Dig'),
(104,'Double Team'),
(104,'Double-Edge'),
(104,'Earthquake'),
(104,'Fire Blast'),
(104,'Fissure'),
(104,'Focus Energy'),
(104,'Growl'),
(104,'Headbutt'),
(104,'Ice Beam'),
(104,'Leer'),
(104,'Mega Kick'),
(104,'Mega Punch'),
(104,'Mimic'),
(104,'Rage'),
(104,'Rest'),
(104,'Seismic Toss'),
(104,'Skull Bash'),
(104,'Strength'),
(104,'Submission'),
(104,'Substitute'),
(104,'Tail Whip'),
(104,'Take Down'),
(104,'Thrash'),
(104,'Toxic'),
(104,'Water Gun'),
(105,'Bide'),
(105,'Blizzard'),
(105,'Body Slam'),
(105,'Bone Club'),
(105,'Bonemerang'),
(105,'BubbleBeam'),
(105,'Counter'),
(105,'Dig'),
(105,'Double Team'),
(105,'Double-Edge'),
(105,'Earthquake'),
(105,'Fire Blast'),
(105,'Fissure'),
(105,'Focus Energy'),
(105,'Growl'),
(105,'Headbutt'),
(105,'Hyper Beam'),
(105,'Ice Beam'),
(105,'Leer'),
(105,'Mega Kick'),
(105,'Mega Punch'),
(105,'Mimic'),
(105,'Rage'),
(105,'Rest'),
(105,'Seismic Toss'),
(105,'Skull Bash'),
(105,'Strength'),
(105,'Submission'),
(105,'Substitute'),
(105,'Tail Whip'),
(105,'Take Down'),
(105,'Thrash'),
(105,'Toxic'),
(105,'Water Gun'),
(106,'Bide'),
(106,'Body Slam'),
(106,'Counter'),
(106,'Double Team'),
(106,'Double-Edge'),
(106,'Focus Energy'),
(106,'Meditate'),
(106,'Mega Kick'),
(106,'Mega Punch'),
(106,'Metronome'),
(106,'Mimic'),
(106,'Rage'),
(106,'Rest'),
(106,'Seismic Toss'),
(106,'Skull Bash'),
(106,'Strength'),
(106,'Submission'),
(106,'Substitute'),
(106,'Swift'),
(106,'Take Down'),
(106,'Toxic'),
(107,'Agility'),
(107,'Bide'),
(107,'Body Slam'),
(107,'Comet Punch'),
(107,'Counter'),
(107,'Double Team'),
(107,'Double-Edge'),
(107,'Fire Punch'),
(107,'Ice Punch'),
(107,'Mega Kick'),
(107,'Mega Punch'),
(107,'Metronome'),
(107,'Mimic'),
(107,'Rage'),
(107,'Rest'),
(107,'Seismic Toss'),
(107,'Skull Bash'),
(107,'Strength'),
(107,'Submission'),
(107,'Substitute'),
(107,'Swift'),
(107,'Take Down'),
(107,'ThunderPunch'),
(107,'Toxic'),
(108,'Bide'),
(108,'Blizzard'),
(108,'Body Slam'),
(108,'BubbleBeam'),
(108,'Counter'),
(108,'Cut'),
(108,'Defense Curl'),
(108,'Disable'),
(108,'Double Team'),
(108,'Double-Edge'),
(108,'Earthquake'),
(108,'Fire Blast'),
(108,'Fissure'),
(108,'Hyper Beam'),
(108,'Ice Beam'),
(108,'Mega Kick'),
(108,'Mega Punch'),
(108,'Mimic'),
(108,'Rage'),
(108,'Rest'),
(108,'Screech'),
(108,'Seismic Toss'),
(108,'Skull Bash'),
(108,'Strength'),
(108,'Submission'),
(108,'Substitute'),
(108,'Supersonic'),
(108,'Surf'),
(108,'Swords Dance'),
(108,'Take Down'),
(108,'Thunder'),
(108,'Thunderbolt'),
(108,'Toxic'),
(108,'Water Gun'),
(109,'Bide'),
(109,'Double Team'),
(109,'Explosion'),
(109,'Fire Blast'),
(109,'Haze'),
(109,'Mimic'),
(109,'Rage'),
(109,'Rest'),
(109,'Selfdestruct'),
(109,'SmokeScreen'),
(109,'Substitute'),
(109,'Tackle'),
(109,'Thunder'),
(109,'Thunderbolt'),
(109,'Toxic'),
(110,'Bide'),
(110,'Double Team'),
(110,'Explosion'),
(110,'Fire Blast'),
(110,'Haze'),
(110,'Hyper Beam'),
(110,'Mimic'),
(110,'Rage'),
(110,'Rest'),
(110,'Selfdestruct'),
(110,'SmokeScreen'),
(110,'Substitute'),
(110,'Tackle'),
(110,'Thunder'),
(110,'Thunderbolt'),
(110,'Toxic'),
(111,'Bide'),
(111,'Body Slam'),
(111,'Dig'),
(111,'Double Team'),
(111,'Double-Edge'),
(111,'Earthquake'),
(111,'Fire Blast'),
(111,'Fissure'),
(111,'Fury Attack'),
(111,'Horn Attack'),
(111,'Horn Drill'),
(111,'Leer'),
(111,'Mimic'),
(111,'Rage'),
(111,'Rest'),
(111,'Rock Slide'),
(111,'Skull Bash'),
(111,'Stomp'),
(111,'Strength'),
(111,'Substitute'),
(111,'Tail Whip'),
(111,'Take Down'),
(111,'Thunder'),
(111,'Thunderbolt'),
(111,'Toxic'),
(112,'Bide'),
(112,'Blizzard'),
(112,'Body Slam'),
(112,'BubbleBeam'),
(112,'Counter'),
(112,'Dig'),
(112,'Double Team'),
(112,'Double-Edge'),
(112,'Earthquake'),
(112,'Fire Blast'),
(112,'Fissure'),
(112,'Fury Attack'),
(112,'Horn Attack'),
(112,'Horn Drill'),
(112,'Hyper Beam'),
(112,'Ice Beam'),
(112,'Leer'),
(112,'Mega Kick'),
(112,'Mega Punch'),
(112,'Mimic'),
(112,'Pay Day'),
(112,'Rage'),
(112,'Rest'),
(112,'Rock Slide'),
(112,'Seismic Toss'),
(112,'Skull Bash'),
(112,'Stomp'),
(112,'Strength'),
(112,'Submission'),
(112,'Substitute'),
(112,'Surf'),
(112,'Tail Whip'),
(112,'Take Down'),
(112,'Thunder'),
(112,'Thunderbolt'),
(112,'Toxic'),
(112,'Water Gun'),
(113,'Bide'),
(113,'Blizzard'),
(113,'Body Slam'),
(113,'BubbleBeam'),
(113,'Counter'),
(113,'Defense Curl'),
(113,'Double Team'),
(113,'Double-Edge'),
(113,'DoubleSlap'),
(113,'Egg Bomb'),
(113,'Fire Blast'),
(113,'Flash'),
(113,'Growl'),
(113,'Hyper Beam'),
(113,'Ice Beam'),
(113,'Light Screen'),
(113,'Mega Kick'),
(113,'Mega Punch'),
(113,'Metronome'),
(113,'Mimic'),
(113,'Minimize'),
(113,'Pound'),
(113,'Psychic'),
(113,'Psywave'),
(113,'Rage'),
(113,'Reflect'),
(113,'Rest'),
(113,'Seismic Toss'),
(113,'Sing'),
(113,'Skull Bash'),
(113,'Softboiled'),
(113,'SolarBeam'),
(113,'Strength'),
(113,'Submission'),
(113,'Substitute'),
(113,'Tail Whip'),
(113,'Take Down'),
(113,'Teleport'),
(113,'Thunder'),
(113,'Thunder Wave'),
(113,'Thunderbolt'),
(113,'Toxic'),
(113,'Tri Attack'),
(113,'Water Gun'),
(114,'Absorb'),
(114,'Bide'),
(114,'Bind'),
(114,'Body Slam'),
(114,'Constrict'),
(114,'Cut'),
(114,'Double Team'),
(114,'Double-Edge'),
(114,'Growth'),
(114,'Hyper Beam'),
(114,'Mega Drain'),
(114,'Mimic'),
(114,'PoisonPowder'),
(114,'Rage'),
(114,'Rest'),
(114,'Skull Bash'),
(114,'Slam'),
(114,'Sleep Powder'),
(114,'SolarBeam'),
(114,'Stun Spore'),
(114,'Substitute'),
(114,'Swords Dance'),
(114,'Take Down'),
(114,'Toxic'),
(114,'Vine Whip'),
(115,'Bide'),
(115,'Blizzard'),
(115,'Body Slam'),
(115,'BubbleBeam'),
(115,'Counter'),
(115,'Double Team'),
(115,'Double-Edge'),
(115,'Earthquake'),
(115,'Fire Blast'),
(115,'Fissure'),
(115,'Hyper Beam'),
(115,'Ice Beam'),
(115,'Leer'),
(115,'Mega Kick'),
(115,'Mega Punch'),
(115,'Mimic'),
(115,'Rage'),
(115,'Rest'),
(115,'Rock Slide'),
(115,'Seismic Toss'),
(115,'Skull Bash'),
(115,'Strength'),
(115,'Submission'),
(115,'Substitute'),
(115,'Surf'),
(115,'Tail Whip'),
(115,'Take Down'),
(115,'Thunder'),
(115,'Thunderbolt'),
(115,'Toxic'),
(115,'Water Gun'),
(116,'Agility'),
(116,'Bide'),
(116,'Blizzard'),
(116,'BubbleBeam'),
(116,'Double Team'),
(116,'Double-Edge'),
(116,'Ice Beam'),
(116,'Leer'),
(116,'Mimic'),
(116,'Rage'),
(116,'Rest'),
(116,'Skull Bash'),
(116,'SmokeScreen'),
(116,'Substitute'),
(116,'Surf'),
(116,'Swift'),
(116,'Take Down'),
(116,'Toxic'),
(116,'Water Gun'),
(117,'Agility'),
(117,'Bide'),
(117,'Blizzard'),
(117,'BubbleBeam'),
(117,'Double Team'),
(117,'Double-Edge'),
(117,'Hyper Beam'),
(117,'Ice Beam'),
(117,'Leer'),
(117,'Mimic'),
(117,'Rage'),
(117,'Rest'),
(117,'Skull Bash'),
(117,'SmokeScreen'),
(117,'Substitute'),
(117,'Surf'),
(117,'Swift'),
(117,'Take Down'),
(117,'Toxic'),
(117,'Water Gun'),
(118,'Agility'),
(118,'Bide'),
(118,'Blizzard'),
(118,'BubbleBeam'),
(118,'Double Team'),
(118,'Double-Edge'),
(118,'Fury Attack'),
(118,'Horn Attack'),
(118,'Horn Drill'),
(118,'Ice Beam'),
(118,'Mimic'),
(118,'Peck'),
(118,'Rage'),
(118,'Rest'),
(118,'Skull Bash'),
(118,'Substitute'),
(118,'Supersonic'),
(118,'Surf'),
(118,'Swift'),
(118,'Tail Whip'),
(118,'Take Down'),
(118,'Toxic'),
(118,'Water Gun'),
(119,'Agility'),
(119,'Bide'),
(119,'Blizzard'),
(119,'BubbleBeam'),
(119,'Double Team'),
(119,'Double-Edge'),
(119,'Fury Attack'),
(119,'Horn Attack'),
(119,'Horn Drill'),
(119,'Hyper Beam'),
(119,'Ice Beam'),
(119,'Mimic'),
(119,'Peck'),
(119,'Rage'),
(119,'Rest'),
(119,'Skull Bash'),
(119,'Substitute'),
(119,'Supersonic'),
(119,'Surf'),
(119,'Swift'),
(119,'Tail Whip'),
(119,'Take Down'),
(119,'Toxic'),
(119,'Water Gun'),
(120,'Bide'),
(120,'Blizzard'),
(120,'BubbleBeam'),
(120,'Double Team'),
(120,'Double-Edge'),
(120,'Flash'),
(120,'Harden'),
(120,'Ice Beam'),
(120,'Light Screen'),
(120,'Mimic'),
(120,'Minimize'),
(120,'Psychic'),
(120,'Psywave'),
(120,'Rage'),
(120,'Recover'),
(120,'Reflect'),
(120,'Rest'),
(120,'Skull Bash'),
(120,'Substitute'),
(120,'Surf'),
(120,'Swift'),
(120,'Tackle'),
(120,'Take Down'),
(120,'Teleport'),
(120,'Thunder'),
(120,'Thunder Wave'),
(120,'Thunderbolt'),
(120,'Toxic'),
(120,'Tri Attack'),
(120,'Water Gun'),
(121,'Bide'),
(121,'Blizzard'),
(121,'BubbleBeam'),
(121,'Double Team'),
(121,'Double-Edge'),
(121,'Flash'),
(121,'Harden'),
(121,'Hyper Beam'),
(121,'Ice Beam'),
(121,'Mimic'),
(121,'Psychic'),
(121,'Psywave'),
(121,'Rage'),
(121,'Reflect'),
(121,'Rest'),
(121,'Skull Bash'),
(121,'Substitute'),
(121,'Surf'),
(121,'Swift'),
(121,'Tackle'),
(121,'Take Down'),
(121,'Teleport'),
(121,'Thunder'),
(121,'Thunder Wave'),
(121,'Thunderbolt'),
(121,'Toxic'),
(121,'Tri Attack'),
(121,'Water Gun'),
(122,'Barrier'),
(122,'Bide'),
(122,'Body Slam'),
(122,'Counter'),
(122,'Double Team'),
(122,'Double-Edge'),
(122,'DoubleSlap'),
(122,'Flash'),
(122,'Hyper Beam'),
(122,'Light Screen'),
(122,'Meditate'),
(122,'Mega Kick'),
(122,'Mega Punch'),
(122,'Metronome'),
(122,'Mimic'),
(122,'Psychic'),
(122,'Psywave'),
(122,'Rage'),
(122,'Reflect'),
(122,'Rest'),
(122,'Seismic Toss'),
(122,'Skull Bash'),
(122,'SolarBeam'),
(122,'Submission'),
(122,'Substitute'),
(122,'Take Down'),
(122,'Teleport'),
(122,'Thunder'),
(122,'Thunder Wave'),
(122,'Thunderbolt'),
(122,'Toxic'),
(123,'Agility'),
(123,'Bide'),
(123,'Cut'),
(123,'Double Team'),
(123,'Double-Edge'),
(123,'Focus Energy'),
(123,'Hyper Beam'),
(123,'Leer'),
(123,'Mimic'),
(123,'Quick Attack'),
(123,'Rage'),
(123,'Rest'),
(123,'Skull Bash'),
(123,'Slash'),
(123,'Substitute'),
(123,'Swift'),
(123,'Swords Dance'),
(123,'Take Down'),
(123,'Toxic'),
(123,'Wing Attack'),
(124,'Bide'),
(124,'Blizzard'),
(124,'Body Slam'),
(124,'BubbleBeam'),
(124,'Counter'),
(124,'Double Team'),
(124,'Double-Edge'),
(124,'DoubleSlap'),
(124,'Hyper Beam'),
(124,'Ice Beam'),
(124,'Lick'),
(124,'Lovely Kiss'),
(124,'Mega Kick'),
(124,'Mega Punch'),
(124,'Metronome'),
(124,'Mimic'),
(124,'Pound'),
(124,'Psychic'),
(124,'Psywave'),
(124,'Rage'),
(124,'Reflect'),
(124,'Rest'),
(124,'Seismic Toss'),
(124,'Skull Bash'),
(124,'Submission'),
(124,'Substitute'),
(124,'Take Down'),
(124,'Teleport'),
(124,'Thrash'),
(124,'Toxic'),
(124,'Water Gun'),
(125,'Bide'),
(125,'Body Slam'),
(125,'Counter'),
(125,'Double Team'),
(125,'Double-Edge'),
(125,'Flash'),
(125,'Hyper Beam'),
(125,'Leer'),
(125,'Light Screen'),
(125,'Mega Kick'),
(125,'Mega Punch'),
(125,'Metronome'),
(125,'Mimic'),
(125,'Psychic'),
(125,'Psywave'),
(125,'Quick Attack'),
(125,'Rage'),
(125,'Reflect'),
(125,'Rest'),
(125,'Screech'),
(125,'Seismic Toss'),
(125,'Skull Bash'),
(125,'Strength'),
(125,'Submission'),
(125,'Substitute'),
(125,'Swift'),
(125,'Take Down'),
(125,'Teleport'),
(125,'Thunder'),
(125,'Thunder Wave'),
(125,'Thunderbolt'),
(125,'Toxic'),
(126,'Bide'),
(126,'Body Slam'),
(126,'Confuse Ray'),
(126,'Counter'),
(126,'Double Team'),
(126,'Double-Edge'),
(126,'Fire Blast'),
(126,'Hyper Beam'),
(126,'Leer'),
(126,'Mega Kick'),
(126,'Mega Punch'),
(126,'Metronome'),
(126,'Mimic'),
(126,'Psychic'),
(126,'Psywave'),
(126,'Rage'),
(126,'Rest'),
(126,'Seismic Toss'),
(126,'Skull Bash'),
(126,'Smog'),
(126,'SmokeScreen'),
(126,'Strength'),
(126,'Submission'),
(126,'Substitute'),
(126,'Take Down'),
(126,'Teleport'),
(126,'Toxic'),
(127,'Bide'),
(127,'Bind'),
(127,'Body Slam'),
(127,'Cut'),
(127,'Double Team'),
(127,'Double-Edge'),
(127,'Focus Energy'),
(127,'Guillotine'),
(127,'Harden'),
(127,'Hyper Beam'),
(127,'Mimic'),
(127,'Rage'),
(127,'Rest'),
(127,'Seismic Toss'),
(127,'Slash'),
(127,'Strength'),
(127,'Submission'),
(127,'Substitute'),
(127,'Swords Dance'),
(127,'Take Down'),
(127,'Toxic'),
(127,'ViceGrip'),
(128,'Bide'),
(128,'Blizzard'),
(128,'Body Slam'),
(128,'Double Team'),
(128,'Double-Edge'),
(128,'Earthquake'),
(128,'Fire Blast'),
(128,'Fissure'),
(128,'Horn Drill'),
(128,'Hyper Beam'),
(128,'Ice Beam'),
(128,'Leer'),
(128,'Mimic'),
(128,'Rage'),
(128,'Rest'),
(128,'Skull Bash'),
(128,'Strength'),
(128,'Substitute'),
(128,'Tail Whip'),
(128,'Take Down'),
(128,'Thunder'),
(128,'Thunderbolt'),
(128,'Toxic'),
(129,'Splash'),
(129,'Tackle'),
(130,'Bide'),
(130,'Bite'),
(130,'Blizzard'),
(130,'Body Slam'),
(130,'BubbleBeam'),
(130,'Double Team'),
(130,'Double-Edge'),
(130,'Dragon Rage'),
(130,'Fire Blast'),
(130,'Hydro Pump'),
(130,'Hyper Beam'),
(130,'Ice Beam'),
(130,'Leer'),
(130,'Mimic'),
(130,'Rage'),
(130,'Reflect'),
(130,'Rest'),
(130,'Skull Bash'),
(130,'Strength'),
(130,'Substitute'),
(130,'Surf'),
(130,'Tackle'),
(130,'Take Down'),
(130,'Thunder'),
(130,'Thunderbolt'),
(130,'Toxic'),
(130,'Water Gun'),
(131,'Bide'),
(131,'Blizzard'),
(131,'Body Slam'),
(131,'BubbleBeam'),
(131,'Confuse Ray'),
(131,'Double Team'),
(131,'Double-Edge'),
(131,'Dragon Rage'),
(131,'Growl'),
(131,'Horn Drill'),
(131,'Hyper Beam'),
(131,'Ice Beam'),
(131,'Mimic'),
(131,'Mist'),
(131,'Psychic'),
(131,'Psywave'),
(131,'Rage'),
(131,'Reflect'),
(131,'Rest'),
(131,'Sing'),
(131,'Skull Bash'),
(131,'SolarBeam'),
(131,'Strength'),
(131,'Substitute'),
(131,'Surf'),
(131,'Take Down'),
(131,'Thunder'),
(131,'Thunderbolt'),
(131,'Toxic'),
(131,'Water Gun'),
(132,'Transform'),
(133,'Bide'),
(133,'Bite'),
(133,'Body Slam'),
(133,'Double Team'),
(133,'Double-Edge'),
(133,'Focus Energy'),
(133,'Growl'),
(133,'Mimic'),
(133,'Quick Attack'),
(133,'Rage'),
(133,'Reflect'),
(133,'Rest'),
(133,'Sand-Attack'),
(133,'Skull Bash'),
(133,'Substitute'),
(133,'Swift'),
(133,'Tackle'),
(133,'Tail Whip'),
(133,'Take Down'),
(133,'Toxic'),
(135,'Agility'),
(135,'Bide'),
(135,'Body Slam'),
(135,'Double Kick'),
(135,'Double Team'),
(135,'Double-Edge'),
(135,'Flash'),
(135,'Hyper Beam'),
(135,'Mimic'),
(135,'Pin Missile'),
(135,'Quick Attack'),
(135,'Rage'),
(135,'Reflect'),
(135,'Rest'),
(135,'Sand-Attack'),
(135,'Skull Bash'),
(135,'Substitute'),
(135,'Swift'),
(135,'Tackle'),
(135,'Tail Whip'),
(135,'Take Down'),
(135,'Thunder'),
(135,'Thunder Wave'),
(135,'ThunderShock'),
(135,'Thunderbolt'),
(135,'Toxic'),
(136,'Bide'),
(136,'Bite'),
(136,'Body Slam'),
(136,'Double Team'),
(136,'Double-Edge'),
(136,'Ember'),
(136,'Fire Blast'),
(136,'Fire Spin'),
(136,'Flamethrower'),
(136,'Hyper Beam'),
(136,'Leer'),
(136,'Mimic'),
(136,'Quick Attack'),
(136,'Rage'),
(136,'Reflect'),
(136,'Rest'),
(136,'Sand-Attack'),
(136,'Skull Bash'),
(136,'Smog'),
(136,'Substitute'),
(136,'Swift'),
(136,'Tackle'),
(136,'Tail Whip'),
(136,'Take Down'),
(136,'Toxic'),
(137,'Agility'),
(137,'Bide'),
(137,'Blizzard'),
(137,'Conversion'),
(137,'Double Team'),
(137,'Double-Edge'),
(137,'Flash'),
(137,'Hyper Beam'),
(137,'Ice Beam'),
(137,'Mimic'),
(137,'Psybeam'),
(137,'Psychic'),
(137,'Psywave'),
(137,'Rage'),
(137,'Recover'),
(137,'Reflect'),
(137,'Rest'),
(137,'Sharpen'),
(137,'Skull Bash'),
(137,'Substitute'),
(137,'Swift'),
(137,'Take Down'),
(137,'Teleport'),
(137,'Thunder'),
(137,'Thunder Wave'),
(137,'Thunderbolt'),
(137,'Toxic'),
(137,'Tri Attack'),
(138,'Bide'),
(138,'Blizzard'),
(138,'Body Slam'),
(138,'BubbleBeam'),
(138,'Double Team'),
(138,'Double-Edge'),
(138,'Horn Attack'),
(138,'Ice Beam'),
(138,'Leer'),
(138,'Mimic'),
(138,'Rage'),
(138,'Reflect'),
(138,'Rest'),
(138,'Spike Cannon'),
(138,'Substitute'),
(138,'Surf'),
(138,'Take Down'),
(138,'Toxic'),
(138,'Water Gun'),
(138,'Withdraw'),
(139,'Bide'),
(139,'Blizzard'),
(139,'Body Slam'),
(139,'BubbleBeam'),
(139,'Double Team'),
(139,'Double-Edge'),
(139,'Horn Attack'),
(139,'Horn Drill'),
(139,'Hyper Beam'),
(139,'Ice Beam'),
(139,'Leer'),
(139,'Mimic'),
(139,'Rage'),
(139,'Reflect'),
(139,'Rest'),
(139,'Seismic Toss'),
(139,'Skull Bash'),
(139,'Spike Cannon'),
(139,'Submission'),
(139,'Substitute'),
(139,'Surf'),
(139,'Take Down'),
(139,'Toxic'),
(139,'Water Gun'),
(139,'Withdraw'),
(140,'Absorb'),
(140,'Bide'),
(140,'Blizzard'),
(140,'Body Slam'),
(140,'BubbleBeam'),
(140,'Double Team'),
(140,'Double-Edge'),
(140,'Harden'),
(140,'Ice Beam'),
(140,'Leer'),
(140,'Mimic'),
(140,'Rage'),
(140,'Reflect'),
(140,'Rest'),
(140,'Scratch'),
(140,'Slash'),
(140,'Substitute'),
(140,'Surf'),
(140,'Take Down'),
(140,'Toxic'),
(140,'Water Gun'),
(141,'Absorb'),
(141,'Bide'),
(141,'Blizzard'),
(141,'Body Slam'),
(141,'BubbleBeam'),
(141,'Cut'),
(141,'Double Team'),
(141,'Double-Edge'),
(141,'Harden'),
(141,'Hyper Beam'),
(141,'Ice Beam'),
(141,'Leer'),
(141,'Mega Kick'),
(141,'Mimic'),
(141,'Rage'),
(141,'Razor Wind'),
(141,'Reflect'),
(141,'Rest'),
(141,'Scratch'),
(141,'Seismic Toss'),
(141,'Skull Bash'),
(141,'Slash'),
(141,'Submission'),
(141,'Substitute'),
(141,'Surf'),
(141,'Swords Dance'),
(141,'Take Down'),
(141,'Toxic'),
(141,'Water Gun'),
(142,'Agility'),
(142,'Bide'),
(142,'Bite'),
(142,'Double Team'),
(142,'Double-Edge'),
(142,'Dragon Rage'),
(142,'Fire Blast'),
(142,'Fly'),
(142,'Hyper Beam'),
(142,'Mimic'),
(142,'Rage'),
(142,'Razor Wind'),
(142,'Reflect'),
(142,'Rest'),
(142,'Sky Attack'),
(142,'Substitute'),
(142,'Supersonic'),
(142,'Swift'),
(142,'Take Down'),
(142,'Toxic'),
(142,'Whirlwind'),
(143,'Amnesia'),
(143,'Bide'),
(143,'Blizzard'),
(143,'Body Slam'),
(143,'BubbleBeam'),
(143,'Counter'),
(143,'Double Team'),
(143,'Double-Edge'),
(143,'Earthquake'),
(143,'Fire Blast'),
(143,'Fissure'),
(143,'Harden'),
(143,'Hyper Beam'),
(143,'Ice Beam'),
(143,'Mega Kick'),
(143,'Mega Punch'),
(143,'Metronome'),
(143,'Mimic'),
(143,'Pay Day'),
(143,'Psychic'),
(143,'Psywave'),
(143,'Rage'),
(143,'Reflect'),
(143,'Rest'),
(143,'Rock Slide'),
(143,'Seismic Toss'),
(143,'Selfdestruct'),
(143,'Skull Bash'),
(143,'SolarBeam'),
(143,'Strength'),
(143,'Submission'),
(143,'Substitute'),
(143,'Surf'),
(143,'Take Down'),
(143,'Thunder'),
(143,'Thunderbolt'),
(143,'Toxic'),
(143,'Water Gun'),
(144,'Agility'),
(144,'Bide'),
(144,'Blizzard'),
(144,'BubbleBeam'),
(144,'Double Team'),
(144,'Double-Edge'),
(144,'Fly'),
(144,'Hyper Beam'),
(144,'Ice Beam'),
(144,'Mimic'),
(144,'Mist'),
(144,'Rage'),
(144,'Razor Wind'),
(144,'Reflect'),
(144,'Rest'),
(144,'Sky Attack'),
(144,'Substitute'),
(144,'Swift'),
(144,'Take Down'),
(144,'Toxic'),
(144,'Water Gun'),
(144,'Whirlwind'),
(145,'Agility'),
(145,'Bide'),
(145,'Double Team'),
(145,'Double-Edge'),
(145,'Flash'),
(145,'Fly'),
(145,'Hyper Beam'),
(145,'Light Screen'),
(145,'Mimic'),
(145,'Rage'),
(145,'Razor Wind'),
(145,'Reflect'),
(145,'Rest'),
(145,'Sky Attack'),
(145,'Substitute'),
(145,'Swift'),
(145,'Take Down'),
(145,'Thunder'),
(145,'Thunder Wave'),
(145,'Thunderbolt'),
(145,'Toxic'),
(145,'Whirlwind'),
(146,'Agility'),
(146,'Bide'),
(146,'Double Team'),
(146,'Double-Edge'),
(146,'Fire Blast'),
(146,'Fly'),
(146,'Hyper Beam'),
(146,'Leer'),
(146,'Mimic'),
(146,'Rage'),
(146,'Razor Wind'),
(146,'Reflect'),
(146,'Rest'),
(146,'Sky Attack'),
(146,'Substitute'),
(146,'Swift'),
(146,'Take Down'),
(146,'Toxic'),
(146,'Whirlwind'),
(147,'Agility'),
(147,'Bide'),
(147,'Blizzard'),
(147,'Body Slam'),
(147,'BubbleBeam'),
(147,'Double Team'),
(147,'Double-Edge'),
(147,'Dragon Rage'),
(147,'Fire Blast'),
(147,'Hyper Beam'),
(147,'Ice Beam'),
(147,'Leer'),
(147,'Mimic'),
(147,'Rage'),
(147,'Reflect'),
(147,'Rest'),
(147,'Skull Bash'),
(147,'Slam'),
(147,'Substitute'),
(147,'Surf'),
(147,'Swift'),
(147,'Take Down'),
(147,'Thunder'),
(147,'Thunder Wave'),
(147,'Thunderbolt'),
(147,'Toxic'),
(147,'Water Gun'),
(147,'Wrap'),
(148,'Agility'),
(148,'Bide'),
(148,'Blizzard'),
(148,'Body Slam'),
(148,'BubbleBeam'),
(148,'Double Team'),
(148,'Double-Edge'),
(148,'Dragon Rage'),
(148,'Fire Blast'),
(148,'Horn Drill'),
(148,'Hyper Beam'),
(148,'Ice Beam'),
(148,'Leer'),
(148,'Mimic'),
(148,'Rage'),
(148,'Reflect'),
(148,'Rest'),
(148,'Skull Bash'),
(148,'Slam'),
(148,'Substitute'),
(148,'Surf'),
(148,'Swift'),
(148,'Take Down'),
(148,'Thunder'),
(148,'Thunder Wave'),
(148,'Thunderbolt'),
(148,'Toxic'),
(148,'Water Gun'),
(148,'Wrap'),
(149,'Agility'),
(149,'Bide'),
(149,'Blizzard'),
(149,'Body Slam'),
(149,'BubbleBeam'),
(149,'Double Team'),
(149,'Double-Edge'),
(149,'Dragon Rage'),
(149,'Fire Blast'),
(149,'Horn Drill'),
(149,'Hyper Beam'),
(149,'Ice Beam'),
(149,'Leer'),
(149,'Mimic'),
(149,'Rage'),
(149,'Razor Wind'),
(149,'Reflect'),
(149,'Rest'),
(149,'Skull Bash'),
(149,'Slam'),
(149,'Strength'),
(149,'Substitute'),
(149,'Surf'),
(149,'Swift'),
(149,'Take Down'),
(149,'Thunder'),
(149,'Thunder Wave'),
(149,'Thunderbolt'),
(149,'Toxic'),
(149,'Water Gun'),
(149,'Wrap'),
(150,'Amnesia'),
(150,'Barrier'),
(150,'Bide'),
(150,'Blizzard'),
(150,'Body Slam'),
(150,'BubbleBeam'),
(150,'Counter'),
(150,'Disable'),
(150,'Double Team'),
(150,'Double-Edge'),
(150,'Fire Blast'),
(150,'Flash'),
(150,'Hyper Beam'),
(150,'Ice Beam'),
(150,'Mega Kick'),
(150,'Mega Punch'),
(150,'Metronome'),
(150,'Mimic'),
(150,'Mist'),
(150,'Pay Day'),
(150,'Psychic'),
(150,'Psywave'),
(150,'Rage'),
(150,'Recover'),
(150,'Reflect'),
(150,'Rest'),
(150,'Seismic Toss'),
(150,'Selfdestruct'),
(150,'Skull Bash'),
(150,'SolarBeam'),
(150,'Strength'),
(150,'Submission'),
(150,'Substitute'),
(150,'Swift'),
(150,'Take Down'),
(150,'Teleport'),
(150,'Thunder'),
(150,'Thunder Wave'),
(150,'Thunderbolt'),
(150,'Toxic'),
(150,'Tri Attack'),
(150,'Water Gun'),
(151,'Bide'),
(151,'Blizzard'),
(151,'Body Slam'),
(151,'BubbleBeam'),
(151,'Counter'),
(151,'Cut'),
(151,'Dig'),
(151,'Double Team'),
(151,'Double-Edge'),
(151,'Dragon Rage'),
(151,'Dream Eater'),
(151,'Earthquake'),
(151,'Egg Bomb'),
(151,'Explosion'),
(151,'Fire Blast'),
(151,'Fissure'),
(151,'Flash'),
(151,'Fly'),
(151,'Horn Drill'),
(151,'Hyper Beam'),
(151,'Ice Beam'),
(151,'Mega Drain'),
(151,'Mega Kick'),
(151,'Mega Punch'),
(151,'Metronome'),
(151,'Mimic'),
(151,'Pay Day'),
(151,'Pound'),
(151,'Psychic'),
(151,'Psywave'),
(151,'Rage'),
(151,'Razor Wind'),
(151,'Reflect'),
(151,'Rest'),
(151,'Rock Slide'),
(151,'Seismic Toss'),
(151,'Selfdestruct'),
(151,'Skull Bash'),
(151,'Sky Attack'),
(151,'Softboiled'),
(151,'SolarBeam'),
(151,'Strength'),
(151,'Submission'),
(151,'Substitute'),
(151,'Surf'),
(151,'Swift'),
(151,'Swords Dance'),
(151,'Take Down'),
(151,'Teleport'),
(151,'Thunder'),
(151,'Thunder Wave'),
(151,'Thunderbolt'),
(151,'Toxic'),
(151,'Transform'),
(151,'Tri Attack'),
(151,'Water Gun'),
(151,'Whirlwind');


INSERT INTO types(typename) VALUES
('normal'),
('fire'),
('water'),
('electric'),
('grass'),
('ice'),
('fighting'),
('poison'),
('ground'),
('flying'),
('psychic'),
('bug'),
('rock'),
('ghost'),
('dragon'),
('dark'),
('steel'),
('fairy'),
('???');


-- Normal type interactions
INSERT INTO typeeffective (attackingtype, defendingtype, damagemultiplier) VALUES
('normal', 'normal', 1),
('normal', 'fire', 1),
('normal', 'water', 1),
('normal', 'electric', 1),
('normal', 'grass', 1),
('normal', 'ice', 1),
('normal', 'fighting', 1),
('normal', 'poison', 1),
('normal', 'ground', 1),
('normal', 'flying', 1),
('normal', 'psychic', 1),
('normal', 'bug', 1),
('normal', 'rock', 0.5),
('normal', 'ghost', 0),
('normal', 'dragon', 1),
('normal', 'dark', 1),
('normal', 'steel', 0.5),
('normal', 'fairy', 1);

-- Fire type interactions
INSERT INTO typeeffective (attackingtype, defendingtype, damagemultiplier) VALUES
('fire', 'normal', 1),
('fire', 'fire', 0.5),
('fire', 'water', 0.5),
('fire', 'electric', 1),
('fire', 'grass', 2),
('fire', 'ice', 2),
('fire', 'fighting', 1),
('fire', 'poison', 1),
('fire', 'ground', 1),
('fire', 'flying', 1),
('fire', 'psychic', 1),
('fire', 'bug', 2),
('fire', 'rock', 0.5),
('fire', 'ghost', 1),
('fire', 'dragon', 0.5),
('fire', 'dark', 1),
('fire', 'steel', 2),
('fire', 'fairy', 1);

-- Water type interactions
INSERT INTO typeeffective (attackingtype, defendingtype, damagemultiplier) VALUES
('water', 'normal', 1),
('water', 'fire', 2),
('water', 'water', 0.5),
('water', 'electric', 1),
('water', 'grass', 0.5),
('water', 'ice', 1),
('water', 'fighting', 1),
('water', 'poison', 1),
('water', 'ground', 2),
('water', 'flying', 1),
('water', 'psychic', 1),
('water', 'bug', 1),
('water', 'rock', 2),
('water', 'ghost', 1),
('water', 'dragon', 0.5),
('water', 'dark', 1),
('water', 'steel', 1),
('water', 'fairy', 1);

-- Electric type interactions
INSERT INTO typeeffective (attackingtype, defendingtype, damagemultiplier) VALUES
('electric', 'normal', 1),
('electric', 'fire', 1),
('electric', 'water', 2),
('electric', 'electric', 0.5),
('electric', 'grass', 0.5),
('electric', 'ice', 1),
('electric', 'fighting', 1),
('electric', 'poison', 1),
('electric', 'ground', 0),
('electric', 'flying', 2),
('electric', 'psychic', 1),
('electric', 'bug', 1),
('electric', 'rock', 1),
('electric', 'ghost', 1),
('electric', 'dragon', 0.5),
('electric', 'dark', 1),
('electric', 'steel', 1),
('electric', 'fairy', 1);

-- Grass type interactions
INSERT INTO typeeffective (attackingtype, defendingtype, damagemultiplier) VALUES
('grass', 'normal', 1),
('grass', 'fire', 0.5),
('grass', 'water', 2),
('grass', 'electric', 2),
('grass', 'grass', 0.5),
('grass', 'ice', 1),
('grass', 'fighting', 1),
('grass', 'poison', 0.5),
('grass', 'ground', 2),
('grass', 'flying', 0.5),
('grass', 'psychic', 1),
('grass', 'bug', 0.5),
('grass', 'rock', 2),
('grass', 'ghost', 1),
('grass', 'dragon', 0.5),
('grass', 'dark', 1),
('grass', 'steel', 0.5),
('grass', 'fairy', 1);

-- Ice type interactions
INSERT INTO typeeffective (attackingtype, defendingtype, damagemultiplier) VALUES
('ice', 'normal', 1),
('ice', 'fire', 0.5),
('ice', 'water', 0.5),
('ice', 'electric', 1),
('ice', 'grass', 1),
('ice', 'ice', 0.5),
('ice', 'fighting', 1),
('ice', 'poison', 1),
('ice', 'ground', 1),
('ice', 'flying', 2),
('ice', 'psychic', 1),
('ice', 'bug', 1),
('ice', 'rock', 1),
('ice', 'ghost', 1),
('ice', 'dragon', 2),
('ice', 'dark', 1),
('ice', 'steel', 0.5),
('ice', 'fairy', 1);

-- Fighting type interactions
INSERT INTO typeeffective (attackingtype, defendingtype, damagemultiplier) VALUES
('fighting', 'normal', 2),
('fighting', 'fire', 1),
('fighting', 'water', 1),
('fighting', 'electric', 1),
('fighting', 'grass', 1),
('fighting', 'ice', 1),
('fighting', 'fighting', 1),
('fighting', 'poison', 0.5),
('fighting', 'ground', 1),
('fighting', 'flying', 2),
('fighting', 'psychic', 0.5),
('fighting', 'bug', 0.5),
('fighting', 'rock', 2),
('fighting', 'ghost', 0),
('fighting', 'dragon', 1),
('fighting', 'dark', 2),
('fighting', 'steel', 2),
('fighting', 'fairy', 0.5);

-- Poison type interactions
INSERT INTO typeeffective (attackingtype, defendingtype, damagemultiplier) VALUES
('poison', 'normal', 1),
('poison', 'fire', 1),
('poison', 'water', 1),
('poison', 'electric', 1),
('poison', 'grass', 2),
('poison', 'ice', 1),
('poison', 'fighting', 1),
('poison', 'poison', 0.5),
('poison', 'ground', 0.5),
('poison', 'flying', 1),
('poison', 'psychic', 1),
('poison', 'bug', 1),
('poison', 'rock', 1),
('poison', 'ghost', 1),
('poison', 'dragon', 1),
('poison', 'dark', 1),
('poison', 'steel', 1),
('poison', 'fairy', 2);

-- Ground type interactions
INSERT INTO typeeffective (attackingtype, defendingtype, damagemultiplier) VALUES
('ground', 'normal', 1),
('ground', 'fire', 2),
('ground', 'water', 1),
('ground', 'electric', 2),
('ground', 'grass', 0.5),
('ground', 'ice', 1),
('ground', 'fighting', 1),
('ground', 'poison', 2),
('ground', 'ground', 1),
('ground', 'flying', 0),
('ground', 'psychic', 1),
('ground', 'bug', 1),
('ground', 'rock', 2),
('ground', 'ghost', 1),
('ground', 'dragon', 1),
('ground', 'dark', 1),
('ground', 'steel', 2),
('ground', 'fairy', 1);

-- Flying type interactions
INSERT INTO typeeffective (attackingtype, defendingtype, damagemultiplier) VALUES
('flying', 'normal', 1),
('flying', 'fire', 1),
('flying', 'water', 1),
('flying', 'electric', 0.5),
('flying', 'grass', 2),
('flying', 'ice', 1),
('flying', 'fighting', 0.5),
('flying', 'poison', 1),
('flying', 'ground', 1),
('flying', 'flying', 1),
('flying', 'psychic', 1),
('flying', 'bug', 2),
('flying', 'rock', 0.5),
('flying', 'ghost', 1),
('flying', 'dragon', 1),
('flying', 'dark', 1),
('flying', 'steel', 0.5),
('flying', 'fairy', 1);

-- Psychic type interactions
INSERT INTO typeeffective (attackingtype, defendingtype, damagemultiplier) VALUES
('psychic', 'normal', 1),
('psychic', 'fire', 1),
('psychic', 'water', 1),
('psychic', 'electric', 1),
('psychic', 'grass', 1),
('psychic', 'ice', 1),
('psychic', 'fighting', 2),
('psychic', 'poison', 2),
('psychic', 'ground', 1),
('psychic', 'flying', 1),
('psychic', 'psychic', 0.5),
('psychic', 'bug', 1),
('psychic', 'rock', 1),
('psychic', 'ghost', 1),
('psychic', 'dragon', 1),
('psychic', 'dark', 0),
('psychic', 'steel', 0.5),
('psychic', 'fairy', 1);

-- Bug type interactions
INSERT INTO typeeffective (attackingtype, defendingtype, damagemultiplier) VALUES
('bug', 'normal', 1),
('bug', 'fire', 0.5),
('bug', 'water', 1),
('bug', 'electric', 1),
('bug', 'grass', 2),
('bug', 'ice', 1),
('bug', 'fighting', 0.5),
('bug', 'poison', 1),
('bug', 'ground', 0.5),
('bug', 'flying', 2),
('bug', 'psychic', 2),
('bug', 'bug', 1),
('bug', 'rock', 1),
('bug', 'ghost', 1),
('bug', 'dragon', 1),
('bug', 'dark', 1),
('bug', 'steel', 1),
('bug', 'fairy', 1);

-- Rock type interactions
INSERT INTO typeeffective (attackingtype, defendingtype, damagemultiplier) VALUES
('rock', 'normal', 1),
('rock', 'fire', 2),
('rock', 'water', 1),
('rock', 'electric', 1),
('rock', 'grass', 1),
('rock', 'ice', 2),
('rock', 'fighting', 0.5),
('rock', 'poison', 1),
('rock', 'ground', 0.5),
('rock', 'flying', 2),
('rock', 'psychic', 1),
('rock', 'bug', 2),
('rock', 'rock', 1),
('rock', 'ghost', 1),
('rock', 'dragon', 1),
('rock', 'dark', 1),
('rock', 'steel', 0.5),
('rock', 'fairy', 1);

-- Ghost type interactions
INSERT INTO typeeffective (attackingtype, defendingtype, damagemultiplier) VALUES
('ghost', 'normal', 0),
('ghost', 'fire', 1),
('ghost', 'water', 1),
('ghost', 'electric', 1),
('ghost', 'grass', 1),
('ghost', 'ice', 1),
('ghost', 'fighting', 1),
('ghost', 'poison', 1),
('ghost', 'ground', 1),
('ghost', 'flying', 1),
('ghost', 'psychic', 2),
('ghost', 'bug', 1),
('ghost', 'rock', 1),
('ghost', 'ghost', 2),
('ghost', 'dragon', 1),
('ghost', 'dark', 0.5),
('ghost', 'steel', 1),
('ghost', 'fairy', 1);

-- Dragon type interactions
INSERT INTO typeeffective (attackingtype, defendingtype, damagemultiplier) VALUES
('dragon', 'normal', 1),
('dragon', 'fire', 1),
('dragon', 'water', 1),
('dragon', 'electric', 1),
('dragon', 'grass', 1),
('dragon', 'ice', 1),
('dragon', 'fighting', 1),
('dragon', 'poison', 1),
('dragon', 'ground', 1),
('dragon', 'flying', 1),
('dragon', 'psychic', 1),
('dragon', 'bug', 1),
('dragon', 'rock', 1),
('dragon', 'ghost', 1),
('dragon', 'dragon', 2),
('dragon', 'dark', 1),
('dragon', 'steel', 0.5),
('dragon', 'fairy', 0);

-- Dark type interactions
INSERT INTO typeeffective (attackingtype, defendingtype, damagemultiplier) VALUES
('dark', 'normal', 1),
('dark', 'fire', 1),
('dark', 'water', 1),
('dark', 'electric', 1),
('dark', 'grass', 1),
('dark', 'ice', 1),
('dark', 'fighting', 0.5),
('dark', 'poison', 1),
('dark', 'ground', 1),
('dark', 'flying', 1),
('dark', 'psychic', 2),
('dark', 'bug', 1),
('dark', 'rock', 1),
('dark', 'ghost', 2),
('dark', 'dragon', 1),
('dark', 'dark', 0.5),
('dark', 'steel', 1),
('dark', 'fairy', 2);

-- Steel type interactions
INSERT INTO typeeffective (attackingtype, defendingtype, damagemultiplier) VALUES
('steel', 'normal', 1),
('steel', 'fire', 0.5),
('steel', 'water', 0.5),
('steel', 'electric', 0.5),
('steel', 'grass', 1),
('steel', 'ice', 2),
('steel', 'fighting', 1),
('steel', 'poison', 1),
('steel', 'ground', 1),
('steel', 'flying', 1),
('steel', 'psychic', 1),
('steel', 'bug', 1),
('steel', 'rock', 2),
('steel', 'ghost', 1),
('steel', 'dragon', 1),
('steel', 'dark', 1),
('steel', 'steel', 0.5),
('steel', 'fairy', 2);

-- Fairy type interactions
INSERT INTO typeeffective (attackingtype, defendingtype, damagemultiplier) VALUES
('fairy', 'normal', 1),
('fairy', 'fire', 0.5),
('fairy', 'water', 1),
('fairy', 'electric', 1),
('fairy', 'grass', 1),
('fairy', 'ice', 1),
('fairy', 'fighting', 2),
('fairy', 'poison', 0.5),
('fairy', 'ground', 1),
('fairy', 'flying', 1),
('fairy', 'psychic', 1),
('fairy', 'bug', 1),
('fairy', 'rock', 1),
('fairy', 'ghost', 1),
('fairy', 'dragon', 0),
('fairy', 'dark', 0.5),
('fairy', 'steel', 0.5),
('fairy', 'fairy', 1);

-- ??? type interactions
INSERT INTO typeeffective (attackingtype, defendingtype, damagemultiplier) VALUES
('???', 'normal', 1),
('???', 'fire', 1),
('???', 'water', 1),
('???', 'electric', 1),
('???', 'grass', 1),
('???', 'ice', 1),
('???', 'fighting', 1),
('???', 'poison', 1),
('???', 'ground', 1),
('???', 'flying', 1),
('???', 'psychic', 1),
('???', 'bug', 1),
('???', 'rock', 1),
('???', 'ghost', 1),
('???', 'dragon', 1),
('???', 'dark', 1),
('???', 'steel', 1),
('???', 'fairy', 1),
('normal', '???', 1),
('fire', '???', 1),
('water', '???', 1),
('electric', '???', 1),
('grass', '???', 1),
('ice', '???', 1),
('fighting', '???', 1),
('poison', '???', 1),
('ground', '???', 1),
('flying', '???', 1),
('psychic', '???', 1),
('bug', '???', 1),
('rock', '???', 1),
('ghost', '???', 1),
('dragon', '???', 1),
('dark', '???', 1),
('steel', '???', 1),
('fairy', '???', 1);
